<!--    BIOMES.XML

Rules for each biome generation and operation.

-->


<!--    WEATHER CONTROL

The weather sections within each biome are restrictions
to the "global" weather condition running across the
entire world.  For example, if the global weather says
the temperature of the world is 20 degrees and your biome
does not have any restrictions that allow below 50 degree
weather, then your biome will have the lowest possible
temperature allowed within its restrictions defined in this
file.

Format & location:
<worldgeneration>
   <biome name="" biomemapcolor="">
     <weather>
     		<'Condition' min="" max="" prob=""/>
     		<'Condition' min="" max="" prob=""/>
     		<'Condition' min="" max="" prob=""/>
        ...
     <weather/>
   <biome/>
<worldgeneration/>

Example 1:
  <weather>
    <Temperature min="-10" max="20" prob="1"/>
    <Temperature min="20" max="80" prob="1"/>
  <weather/>
"This would mean there's a total probability of 2.
This number is from adding all the 'prob' values
of the 'Temperature' conditions.  The first line
'<Temperature min="-10" max="20" prob="1"/>' is
saying there's a 50% chance the temperature will
be between -10 and 20, since 1 is 50% of the total
'Temperature' probability of 2."


Example 2:
  <weather>
    <Fog min="0" max="0" prob="0.1"/>
    <Fog min="20" max="30" prob="0.95"/>
  <weather/>
"This would mean there's a total probability of 1.05,
by adding all the 'prob' values of the 'Fog' conditions.
There's a 9.5% chance there will be a 0 fog condition and
a 90.5% chance the fog condition will be between 20 and 30.
This is because 0.1, from the first line, is 9.5% of 1.05,
the total probability of the fog conditions; and 0.95, from
the second line, is 90.5% of the total fog condition
probability of 1.05."

Note: It may be easier to visuallize your control if you make
sure all your probability values for each condition add up to 1.

Options:
  Temperature
  Fog
  CloudThickness
  Precipitation
  Wind

Description of Options:
  - Temperature
      Values are in fahrenheit and restrict the temperature in
      this biome to fit within the min and max degrees specified.
  - Fog
      Values are between 0 and 100.  The result is used to determine
      whether or not to use the "Foggy" Environment spectrums for
      lighting and fog intensities.  If there is a Spectrum Condition
      defined in the WeatherManager prefab that checks for a "Fog"
      condition, the result of this Weather Control will be checked
      against for the biome.
  - CloudThickness
      Values are between 0 and 100.  0 restricts any clouds from
      showing up in the sky.  100 allows for the thickest clouds in
      the sky.
  - Precipitation
      Values are between 0 and 100.  Values restrict a biome to allow
      the min and max intensity of rain in the biome.  BUT!!!  The
      result is dependant on CloudThickness as well.  Clouds must
      be above 70 thickness in order for rain to be possible in the biome.
  - Wind
      Values are between 0 and 100.  0 restricts the biome to no
      possible wind, and 100 allows the windiest conditions in the biome.

-->




<worldgeneration>

	<!-- Weather definitions here -->
	<weather>

		<property class="Foggy">
			<property name="Spectrum" value="foggy" />
			<property name="Temperature" value="-10" />
			<property name="AmbientSound" value="..." />
			<property name="ParticleEffect" value="..." />
		</property>

		<property class="Rainy">
			<property name="Spectrum" value="rainy" />
			<property name="Temperature" value="-10" />
			<property name="AmbientSound" value="..." />
			<property name="ParticleEffect" value="..." />
		</property>

	</weather>

	<!-- All biome definitions here -->
    <biomes>
        <!-- Mapping from biome name to id number as it is saved in the world chunks -->
        <biomemap name="snow"               	id="1" />
        <biomemap name="forest"            		id="2" />
        <biomemap name="pine_forest"        	id="3" />
        <biomemap name="plains"             	id="4" />
        <biomemap name="desert"             	id="5" />
        <biomemap name="water"              	id="6" />
        <biomemap name="radiated"           	id="7" />
        <biomemap name="wasteland"          	id="8" />
        <biomemap name="burnt_forest"       	id="9" />
        <biomemap name="city"               		id="10" />
        <biomemap name="city_wasteland"    id="11" />
		<biomemap name="wasteland_hub"    id="12" />
		<biomemap name="caveFloor"			id="13" />
		<biomemap name="caveCeiling"			id="14" />

        <!-- No more blockmap table needed as we are referencing the block by its name directly now -->

        <!-- Decoration Parameters: -->
            <!-- boundingboxdelta: integer: defines the number of blocks which are added to the size of prefab for a boundingbox in order to find a valid location
                                   negativ means overlap with other objects possible; positive means more free space around -->
                                    <!--boundingboxdelta="1" surfaceoffset="0"--> <!--+numbers do not work-->
            <!-- surfaceoffset: integer: defines the number of blocks which is added to the groundlevel of the prefab
                                   negativ means the object will be placed in the ground; positive means the object will hover in the air -->
           <!-- prob [0;1] (0.2 e.g. means 20%); clusterprob means probabilty to have similar neigbourblocks -->

		<!-- Resource Parameters: -->
			<!-- rwgGenerationType: string: defines the type of allowed resouce generation, THIS ONLY AFFECTS RANDOM GEN;
					Possible values are 'noise', 'caves', 'all'

					noise - Uses regular perlin noise calculations for resources like in Navezgane
					caves - Uses cave resource nodes instead of noise
					all - Will use both noise based generation AND cave node generation.
			-->


        <!-- Snow Biome Main -->
        <biome name="snow" biomemapcolor="#FFFFFF">
          <weather>
          		<Temperature min="-10" max="20" prob="1"/>
          		<Fog min="30" max="30" prob="1"/>
          		<CloudThickness min="50" max="100" prob="1"/>
          		<Precipitation min="60" max="100" prob="1"/>
          		<Wind min="20" max="40" prob="0.9"/>
          		<Wind min="40" max="100" prob="0.1"/>
          </weather>
          <!-- Snow Sub Biome grass and Bluebrrries -->
          <subbiome prob="0.1">
            <layers>
              <layer depth="1" blockname="snow" />
            </layers>
            <decorations>
              <decoration type="block" blockname="snowyGrassDiagonal" prob =".4" />
              <decoration type="block" blockname="rock05" prob =".001" />
              <decoration type="block" blockname="rock06" prob =".001" />
              <decoration type="block" blockname="rock07" prob =".001" />
              <decoration type="block" blockname="rockResource" prob =".025" rotatemax="3"/>
              <decoration type="block" blockname="rockResource02" prob =".025" rotatemax="3"/>
              <decoration type="block" blockname="birdnest" prob ="0.002" />
              <decoration type="block" blockname="lootForest" prob="0.001"/>
              <decoration type="block" blockname="blueberry" prob=".001"/>
            </decorations>
          </subbiome>

          <subbiome prob="0.1">
            <layers>
              <layer depth="1" blockname="snow" />
            </layers>
            <decorations>
              <decoration type="block" blockname="snowyGrassDiagonal" prob =".4" />
              <decoration type="block" blockname="rock05" prob =".001" />
              <decoration type="block" blockname="rock06" prob =".001" />
              <decoration type="block" blockname="rock07" prob =".001" />
              <decoration type="block" blockname="rockResource" prob =".025" rotatemax="3"/>
              <decoration type="block" blockname="rockResource02" prob =".025" rotatemax="3"/>
              <decoration type="block" blockname="lootForest" prob="0.001"/>

            </decorations>
          </subbiome>

          <layers>
				<layer filluptorg="60" blockname="water" />
                <layer depth="4" blockname="snow" />
                <layer depth="3" blockname="dirt" >
				<resource blockname="clay" prob="0.2" />
				</layer>
                <layer depth="*" blockname="stone" >
            	<resource blockname="ironOre" cluster="2" prob="0.3" rwgGenerationType="caves" />
            	<resource blockname="coalOre" cluster="1" prob="0.1" rwgGenerationType="caves" />
				<resource blockname="sphalerite" cluster="1" prob="0.1" rwgGenerationType="caves" />
            	<resource blockname="gravel" cluster="2" prob="0.1" rwgGenerationType="caves" />
                </layer>

                <layer depth="3" blockname="bedrock" />
            </layers>
          <!-- random prob_min,_max per chunk where 0 equals no decoration and 256 means on every block -->
          <!--<decoration type="prefab" name="tree_pine_01" prob="0" prob_max="2" />-->
            <decorations>
                <decoration type="prefab" name="rock_form02" prob=".001" rotatemax="7"/>
                <decoration type="prefab" name="rock_form01" prob=".01" rotatemax="7"/>
                <decoration type="prefab" name="coal_form01" prob=".0007" rotatemax="7"/>
                <decoration type="block" blockname="snowstorm1" prob ="0.00004" />
                <decoration type="block" blockname="lootForest" prob="0.00025"/>
                <decoration type="block" blockname="rock05" prob =".005" />
                <decoration type="block" blockname="rock06" prob =".005" />
                <decoration type="block" blockname="rock07" prob =".005" />
                <decoration type="block" blockname="rockResource" prob =".0005" rotatemax="3"/>
                <decoration type="block" blockname="rockResource02" prob =".0005" rotatemax="3"/>
                <decoration type="block" blockname="birdnest" prob ="0.007" />
                <decoration type="block" blockname="snowyGrassDiagonal" prob =".1" />
                <decoration type="block" blockname="WinterEverGreen" prob="0.003" rotatemax="7"/>
                <decoration type="block" blockname="WinterPine01" prob="0.003" rotatemax="7"/>
                <decoration type="block" blockname="WinterPine02" prob="0.003" rotatemax="7"/>
                <decoration type="block" blockname="WinterPine03" prob="0.003" rotatemax="7"/>
                <decoration type="block" blockname="Stump" prob="0.001" rotatemax="7"/>
                <decoration type="block" blockname="snowyDeadBush" prob ="0.005" rotatemax="7"/>

            </decorations>
			<terrain class="Mountains" />
        </biome>


      <!-- Forest Biome Main -->
      <biome name="forest" biomemapcolor="#008D00" >
          <weather>
          		<Temperature min="-10" max="101" prob="1"/>
          		<Fog min="10" max="40" prob="1"/>
          		<CloudThickness min="10" max="70" prob="0.6"/>
          		<CloudThickness min="70" max="100" prob="0.4"/>
          		<Precipitation min="100" max="100" prob="1"/>
          		<Wind min="10" max="20" prob="0.9"/>
          		<Wind min="20" max="100" prob="0.1"/>
          </weather>
			<subbiome prob="0.11">
				<layers>
					<layer depth="5" blockname="clay" />
				</layers>
				<decorations>
					<decoration type="block" blockname="tallGrassDiagonal" prob =".5" />
					<decoration type="block" blockname="goldenrod" prob="0.08"/>
					<decoration type="block" blockname="cotton" prob="0.07"/>
					<decoration type="block" blockname="rock01" prob =".01" />
					<decoration type="block" blockname="rock02" prob =".01" />
					<decoration type="block" blockname="rock04" prob =".01" />
					<decoration type="block" blockname="rockResource" prob =".025" rotatemax="3"/>
					<decoration type="block" blockname="rockResource02" prob =".025" rotatemax="3"/>
				</decorations>
			</subbiome>
            <layers>
				<layer filluptorg="60" blockname="water" />
                <layer depth="4" blockname="grass" />
                <layer depth="3" blockname="dirt" >

				</layer>
                <layer depth="*" blockname="stone" >
            		<resource blockname="ironOre" cluster="1" prob="0.15" rwgGenerationType="caves" />
            		<resource blockname="magnesiumOre" cluster="1" prob="0.2" rwgGenerationType="caves" />
            		<resource blockname="leadOre" cluster="1" prob="0.2" rwgGenerationType="caves" />
            		<resource blockname="gravel" cluster="2" prob="0.1" rwgGenerationType="caves" />
                </layer>
                <layer depth="3" blockname="bedrock" />
            </layers>
          <spectrum name="forest" />
            <decorations>
                <decoration type="block" blockname="lootForest" prob="0.00025"/>
                <decoration type="prefab" name="rock_form02" prob=".001" rotatemax="7"/>
                <decoration type="prefab" name="rock_form01" prob=".01" rotatemax="7"/>
                <decoration type="prefab" name="coal_form01" prob=".0007" rotatemax="7"/>
                <decoration type="block" blockname="goldenrod" prob="0.003"/>
                <decoration type="block" blockname="cotton" prob="0.003"/>
				<decoration type="block" blockname="plantChrysanthemum" prob="0.001"/>
                <decoration type="block" blockname="rock01" prob=".005"/>
                <decoration type="block" blockname="rock02" prob=".005"/>
                <decoration type="block" blockname="rock04" prob=".005"/>
                <decoration type="block" blockname="DeadShrub" prob ="0.0005" />
                <decoration type="block" blockname="rockResource02" prob =".0005" rotatemax="3"/>
                <decoration type="block" blockname="birdnest" prob ="0.002" />
                <decoration type="block" blockname="plantChrysanthemum" prob="0.001"/>
                <decoration type="block" blockname="Azalea" prob="0.015"/>
                <decoration type="block" blockname="Birch10m" prob="0.0007" rotatemax="7"/>
                <decoration type="block" blockname="Birch12m" prob="0.0008" rotatemax="7"/>
                <decoration type="block" blockname="Birch15m" prob="0.0010" rotatemax="7"/>
                <decoration type="block" blockname="Maple6m" prob="0.0005" rotatemax="7"/>
                <decoration type="block" blockname="Maple13m" prob="0.0008" rotatemax="7"/>
                <decoration type="block" blockname="Maple14m" prob="0.0009" rotatemax="7"/>
                <decoration type="block" blockname="Maple15m" prob="0.0010" rotatemax="7"/>
                <decoration type="block" blockname="Maple16m" prob="0.0011" rotatemax="7"/>
                <decoration type="block" blockname="Maple17m" prob="0.0012" rotatemax="7"/>
                <decoration type="block" blockname="tallGrassDiagonal" prob =".5" />

            </decorations>
			<terrain class="Forest" />
       </biome>


      <!-- Pine Forest Main Biome  -->
      <biome name="pine_forest" biomemapcolor="#004000" >
          <weather>
          		<Temperature min="-10" max="101" prob="1"/>
          		<Fog min="10" max="40" prob="1"/>
          		<CloudThickness min="10" max="70" prob="0.5"/>
          		<CloudThickness min="70" max="100" prob="0.5"/>
          		<Precipitation min="100" max="100" prob="1"/>
          		<Wind min="10" max="20" prob="0.9"/>
          		<Wind min="20" max="100" prob="0.1"/>
          </weather>
      <!-- Pine Forest Sub Biome Clustered Flowers and Boulders -->
			<subbiome prob="0.11">
				<layers>
					<layer depth="1" blockname="grass" />
				</layers>
				<decorations>
					<decoration type="block" blockname="tallGrassDiagonal" prob =".5" />
					<decoration type="block" blockname="goldenrod" prob="0.08"/>
					<decoration type="block" blockname="cotton" prob="0.07"/>
					<decoration type="block" blockname="rock01" prob =".01" />
					<decoration type="block" blockname="rock02" prob =".01" />
					<decoration type="block" blockname="rock04" prob =".01" />
					<decoration type="block" blockname="rockResource" prob =".025" rotatemax="3"/>
					<decoration type="block" blockname="rockResource02" prob =".025" rotatemax="3"/>
				</decorations>
			</subbiome>



			<subbiome prob="0.11">
				<layers>
					<layer depth="5" blockname="clay" />
				</layers>
				<decorations>
					<decoration type="block" blockname="tallGrassDiagonal" prob =".5" />
					<decoration type="block" blockname="goldenrod" prob="0.08"/>
					<decoration type="block" blockname="cotton" prob="0.07"/>
					<decoration type="block" blockname="rock01" prob =".01" />
					<decoration type="block" blockname="rock02" prob =".01" />
					<decoration type="block" blockname="rock04" prob =".01" />
					<decoration type="block" blockname="rockResource" prob =".025" rotatemax="3"/>
					<decoration type="block" blockname="rockResource02" prob =".025" rotatemax="3"/>
				</decorations>
			</subbiome>


            <layers>
				<layer filluptorg="60" blockname="water" />
                <layer depth="4" blockname="forestGround" />
                <layer depth="3" blockname="dirt" >
					<resource blockname="clay" cluster="2" prob="0.2" />
				</layer>
                <layer depth="*" blockname="stone" >
            		<resource blockname="ironOre" cluster="2" prob="0.15" rwgGenerationType="caves" />
            		<resource blockname="coalOre" cluster="2" prob="0.15" rwgGenerationType="caves" />
            		<resource blockname="copperOre" cluster="1" prob="0.15" rwgGenerationType="caves" />
            		<resource blockname="leadOre" cluster="1" prob="0.1" rwgGenerationType="caves" />
            		<resource blockname="gravel" cluster="2" prob="0.1" rwgGenerationType="caves" />
                </layer>
                <layer depth="3" blockname="bedrock" />
            </layers>

            <decorations>
                <decoration type="block" blockname="lootForest" prob="0.00025"/>
                <decoration type="prefab" name="rock_form02" prob=".001" rotatemax="7"/>
                <decoration type="prefab" name="rock_form01" prob=".01" rotatemax="7"/>
                <decoration type="prefab" name="coal_form01" prob=".0007" rotatemax="7"/>
                <decoration type="block" blockname="goldenrod" prob="0.001"/>
                <decoration type="block" blockname="cotton" prob="0.001"/>
                <decoration type="block" blockname="rock01" prob =".001" />
                <decoration type="block" blockname="rock02" prob =".001" />
                <decoration type="block" blockname="rock04" prob =".001" />
                <decoration type="block" blockname="rockResource" prob =".0001" rotatemax="3"/>
                <decoration type="block" blockname="rockResource02" prob =".0001" rotatemax="3"/>
                <decoration type="block" blockname="birdnest" prob ="0.002" />
                <decoration type="block" blockname="DeadShrub" prob="0.01" rotatemax="7"/>
                <decoration type="block" blockname="MountainPine6m" prob="0.003" rotatemax="7"/>
                <decoration type="block" blockname="MountainPine8m" prob="0.004" rotatemax="7"/>
                <decoration type="block" blockname="MountainPine13m" prob="0.005" rotatemax="7"/>
                <decoration type="block" blockname="MountainPine16m" prob="0.006" rotatemax="7"/>
                <decoration type="block" blockname="MountainPine19m" prob="0.007" rotatemax="7"/>
                <decoration type="block" blockname="MountainPineDry" prob="0.003" rotatemax="7"/>
                <decoration type="block" blockname="MountainPine20m" prob="0.008" rotatemax="7"/>
                 <decoration type="block" blockname="tallGrassDiagonal" prob =".4" />
            </decorations>
			<terrain class="Mountains" />
       </biome>


      <!-- Plains Main Biome-->
      <biome name="plains" biomemapcolor="#00FF00" >
          <weather>
          		<Temperature min="25" max="104" prob="1"/>
          		<Fog min="10" max="40" prob="1"/>
          		<CloudThickness min="10" max="100" prob="1"/>
          		<Precipitation min="100" max="100" prob="1"/>
          		<Wind min="10" max="20" prob="0.9"/>
          		<Wind min="20" max="100" prob="0.1"/>
          </weather>
      <!-- Plains Sub Biome Clustered Trees -->
			<subbiome prob="0.1">
				<layers>
					<layer depth="1" blockname="plainsGround" />
				</layers>
				<decorations>


          	<decoration type="prefab" name="coal_form01" prob=".0007" rotatemax="7"/>

			<decoration type="block" blockname="PlainsTree" prob="0.025" rotatemax="7"/>
            <decoration type="block" blockname="PlainsTree2" prob="0.009"/>
            <decoration type="block" blockname="PlainsTree2" prob="0.009"/>
            <decoration type="block" blockname="PlainsTree2" prob="0.009"/>
            <decoration type="block" blockname="PlainsTree2" prob="0.009"/>
            <decoration type="block" blockname="rockResource" prob =".001" rotatemax="3"/>
            <decoration type="block" blockname="rockResource02" prob =".001" rotatemax="3"/>
            <decoration type="block" blockname="lootPlains" prob="0.00025"/>
						<decoration type="block" blockname="birdnest" prob ="0.007" />
            <decoration type="block" blockname="plainsGrassDiagonal" prob ="0.8" />
				</decorations>
			</subbiome>

        <!-- Plains Sub Biome Thick Grass -->
        <subbiome prob="0.05">
          <layers>
            <layer depth="5" blockname="clay" />
          </layers>
          <decorations>

            <decoration type="block" blockname="desertShrub" prob="0.1"/>
            <decoration type="block" blockname="goldenrod" prob="0.02"/>
            <decoration type="block" blockname="cotton" prob="0.03"/>
            <decoration type="prefab" name="cornstalk_01" prob=".005" rotatemax="7"/>
            <decoration type="prefab" name="cornstalk_02" prob=".004" rotatemax="7"/>
            <decoration type="block" blockname="lootPlains" prob="0.00025"/>
             <decoration type="block" blockname="plainsGrassDiagonal" prob =".5" />
          </decorations>
        </subbiome>


        <layers>
                <layer filluptorg="60" blockname="water" />
                <layer depth="1" blockname="plainsGround" />
                <layer depth="3" blockname="dirt" >
				</layer>
                <layer depth="*" blockname="stone" >
            		<resource blockname="leadOre" cluster="1" prob="0.1" rwgGenerationType="all" />
            		<resource blockname="ironOre" cluster="1" prob="0.1" rwgGenerationType="all" />
            		<resource blockname="gravel" cluster="2" prob="0.1" rwgGenerationType="all" />
                </layer>

                <layer depth="3" blockname="bedrock" />
            </layers>

            <decorations>
            	<decoration type="block" blockname="PlainsTree" prob="0.005" rotatemax="7"/>
            	  <decoration type="block" blockname="rock01" prob=".001" rotatemax="3"/>
          		  <decoration type="block" blockname="rock02" prob=".001" rotatemax="3"/>
         	 	    <decoration type="block" blockname="rock04" prob=".001" rotatemax="3"/>
         	 	    <decoration type="block" blockname="rockResource" prob =".0004" rotatemax="3"/>
         	 	    <decoration type="block" blockname="rockResource02" prob =".0004" rotatemax="3"/>
                <decoration type="block" blockname="lootPlains" prob="0.00025"/>

                <decoration type="block" blockname="desertShrub" prob ="0.007" />
                <decoration type="block" blockname="DeadShrub" prob ="0.0005" />
                <decoration type="block" blockname="birdnest" prob ="0.002" />
                <decoration type="block" blockname="plainsGrassDiagonal" prob =".3" />
            </decorations>
			<terrain class="Desert" />
       </biome>


       <!-- Desert Main Biome -->
       <biome name="desert" biomemapcolor="#FFE477">
          <weather>
          		<Temperature min="35" max="120" prob="1"/>
          		<Fog min="0" max="25" prob="1"/>
          		<CloudThickness min="5" max="50" prob="1"/>
          		<Precipitation min="100" max="100" prob="1"/>
          		<Wind min="10" max="20" prob="0.9"/>
          		<Wind min="20" max="100" prob="0.1"/>
          </weather>
       <!-- Desert Sub Biome Clustered Cactus and Desert Shrub -->
         <subbiome prob="0.11">
           <layers>
             <layer depth="1" blockname="desertGround" />
           </layers>
           <decorations>
             <decoration type="block" blockname="desertShrub" prob ="0.3" rotatemax="7"/>
             <decoration type="block" blockname="cactus01" prob ="0.003" rotatemax="3"/>
             <decoration type="block" blockname="cactus02" prob ="0.03" rotatemax="3"/>
             <decoration type="block" blockname="cactus03" prob ="0.01" rotatemax="3"/>
             <decoration type="block" blockname="cactus04" prob ="0.01" rotatemax="3"/>
             <decoration type="block" blockname="cactus05" prob ="0.01" rotatemax="3"/>
             <decoration type="block" blockname="cactus06" prob ="0.01" rotatemax="3"/>
             <decoration type="block" blockname="rockResource" prob =".004" rotatemax="3"/>
             <decoration type="block" blockname="rockResource02" prob =".004" rotatemax="3"/>
             <decoration type="prefab" name="car_wasteland" prob=".007" rotatemax="7"/>
             <decoration type="block" blockname="lootDesert" prob="0.01"/>
             <decoration type="block" blockname="brownGrassDiagonal" prob =".01" />
           </decorations>
         </subbiome>

				<!-- Forest Type Subbiome for fun -->

				<subbiome prob="0.10">
					<layers>
						<layer depth="5" blockname="clay" />
					</layers>
					<decorations>
						<decoration type="block" blockname="tallGrassDiagonal" prob =".5" />
						<decoration type="block" blockname="goldenrod" prob="0.08"/>
						<decoration type="block" blockname="cotton" prob="0.07"/>
						<decoration type="block" blockname="rock01" prob =".01" />
						<decoration type="block" blockname="rock02" prob =".01" />
						<decoration type="block" blockname="rock04" prob =".01" />
						<decoration type="block" blockname="rockResource" prob =".025" rotatemax="3"/>
						<decoration type="block" blockname="rockResource02" prob =".025" rotatemax="3"/>
					</decorations>
				</subbiome>

         <!-- Desert Sub Biome Thick Grass and Shrubs-->
         <subbiome prob="0.04">
           <layers>
             <layer depth="5" blockname="clay" />
           </layers>
           <decorations>
           <decoration type="prefab" name="coal_form01" prob=".0007" rotatemax="7"/>
             <decoration type="block" blockname="desertShrub" prob=".25" rotatemax="7"/>
             <decoration type="block" blockname="plantYucca" prob=".03" rotatemax="7"/>
             <decoration type="block" blockname="plantAloe" prob=".03" rotatemax="7"/>
             <decoration type="block" blockname="brownGrassDiagonal" prob =".025" />
           </decorations>
         </subbiome>


			<spectrum name="desert" />

            <layers>
				<layer filluptorg="60" blockname="water" />
                <layer depth="1" blockname="desertGround" />
                <layer depth="30" blockname="sandStone" >
				</layer>
                <layer depth="*" blockname="stone" >
            		<!---<resource blockname="crudeOil" cluster="1" prob="0.1" rwgGenerationType="caves" /> -->
            		<resource blockname="coalOre" cluster="2" prob="0.3"   rwgGenerationType="caves" />
					<resource blockname="copperOre" cluster="1" prob="0.2" rwgGenerationType="caves" />
            		<resource blockname="gravel" cluster="2" prob="0.1"    rwgGenerationType="caves" />
                </layer>


                <layer depth="3" blockname="bedrock" />
            </layers>

            <decorations>
            <decoration type="prefab" name="desert_form01" prob=".009" rotatemax="7"/>
            <decoration type="prefab" name="desert_form02" prob=".0005" rotatemax="7"/>
            	<decoration type="prefab" name="desert_arch" prob=".00009" rotatemax="7"/>
				<decoration type="block" blockname="cactus01" prob ="0.001" rotatemax="3"/>
				<decoration type="block" blockname="cactus02" prob ="0.001" rotatemax="3" />
				<decoration type="block" blockname="cactus03" prob ="0.001" rotatemax="3"/>
				<decoration type="block" blockname="cactus04" prob ="0.0007" rotatemax="3"/>
				<decoration type="block" blockname="cactus05" prob ="0.0007" rotatemax="3"/>
				<decoration type="block" blockname="rock01" prob=".001" rotatemax="3"/>
				<decoration type="block" blockname="rock02" prob=".001" rotatemax="3"/>
				<decoration type="block" blockname="rock04" prob=".001" rotatemax="3"/>
				<decoration type="block" blockname="rockResource" prob =".0005" rotatemax="3"/>
				<decoration type="block" blockname="rockResource02" prob =".0005" rotatemax="3"/>
				<decoration type="block" blockname="lootDesert" prob="0.00025"/>
				<decoration type="block" blockname="deadPineLeaf" prob ="0.020" rotatemax="7" />
				<decoration type="block" blockname="plantYucca" prob ="0.004" />
				<decoration type="block" blockname="plantAloe" prob ="0.004" />
				<decoration type="block" blockname="desertShrub" prob ="0.05" rotatemax="7"/>
				<decoration type="block" blockname="driftwood" prob ="0.002" />
				<decoration type="block" blockname="driftwood2" prob ="0.002" />
				<decoration type="block" blockname="birdnest" prob ="0.002" />
				<decoration type="block" blockname="brownGrassDiagonal" prob =".25" />
				<decoration type="block" blockname="sandstorm" prob ="0.00004" />
        		<decoration type="block" blockname="cactus06" prob ="0.0009" rotatemax="3"/>

            </decorations>
			<terrain class="Desert" />
       </biome>

       <!-- Water Main Biome -->
      <biome name="water" biomemapcolor="#0063ff">
          <weather>
          		<Temperature min="35" max="85" prob="1"/>
          		<Fog min="10" max="40" prob="1"/>
          		<CloudThickness min="10" max="70" prob="0.4"/>
          		<CloudThickness min="70" max="100" prob="0.6"/>
          		<Precipitation min="100" max="100" prob="1"/>
          		<Wind min="10" max="20" prob="0.9"/>
          		<Wind min="20" max="100" prob="0.1"/>
          </weather>
			<subbiome prob="0.05">
				<layers>
					<layer depth="1" blockname="clay" />
				</layers>
				<decorations>
					<decoration type="block" blockname="tallGrassDiagonal" prob =".5" />
					<decoration type="block" blockname="rock01" prob =".01" />
					<decoration type="block" blockname="rock02" prob =".01" />
					<decoration type="block" blockname="rock04" prob =".01" />
					<decoration type="block" blockname="rockResource" prob =".025" rotatemax="3"/>
					<decoration type="block" blockname="rockResource02" prob =".025" rotatemax="3"/>
					<decoration type="block" blockname="driftwood" prob ="0.001" rotatemax="3"/>
					<decoration type="block" blockname="driftwood2" prob ="0.001" rotatemax="3"/>
				</decorations>
			</subbiome>

			<subbiome prob="0.05">
				<layers>
					<layer depth="1" blockname="dirt" />
				</layers>
				<decorations>
					<decoration type="block" blockname="rock01" prob =".01" />
					<decoration type="block" blockname="rock02" prob =".01" />
					<decoration type="block" blockname="rock04" prob =".01" />
					<decoration type="block" blockname="rockResource" prob =".025" rotatemax="3"/>
					<decoration type="block" blockname="rockResource02" prob =".025" rotatemax="3"/>
				</decorations>
			</subbiome>
		<terrain class="Water">
			<property name="BaseHeight" value="12" />
		</terrain>

          <layers>
                <layer filluptorg="58" blockname="water" />
				<layer depth="6" blockname="dirt" />
                <layer depth="6" blockname="dirt" >
				<resource blockname="clay" prob="0.5" />
				</layer>
                <layer depth="20" blockname="stone" >
            	<resource blockname="ironOre" cluster="1" prob="0.1" rwgGenerationType="caves" />
            	<resource blockname="coalOre" cluster="2" prob="0.1" rwgGenerationType="caves" />
                </layer>
                <layer depth="20" blockname="stone" >
                <resource blockname="ironOre" cluster="1" prob="0.1" rwgGenerationType="caves" />
				<resource blockname="magnesiumOre" cluster="1" prob="0.1" rwgGenerationType="caves" />
                </layer>
                <layer depth="20" blockname="stone" >
                <resource blockname="ironOre" cluster="1" prob="0.1" rwgGenerationType="caves" />
            	<resource blockname="leadOre" cluster="1" prob="0.1" rwgGenerationType="caves" />
                </layer>
                <layer depth="*" blockname="stone" >
            		<resource blockname="ironOre" cluster="1" prob="0.1" rwgGenerationType="caves" />

    			</layer>
                <layer depth="3" blockname="bedrock" />
            </layers>
			<spectrum name="pine_forest" />
          <decorations>
          		<decoration type="block" blockname="Azalea" prob=".003" rotatemax="3"/>
          		<decoration type="block" blockname="lootStreet" prob=".0007" rotatemax="3"/>
				<decoration type="block" blockname="rock01" prob=".001" rotatemax="3"/>
				<decoration type="block" blockname="rock02" prob=".005" rotatemax="3"/>
				<decoration type="block" blockname="rock04" prob=".001" rotatemax="3"/>
				<decoration type="block" blockname="rockResource" prob =".0005" rotatemax="3"/>
				<decoration type="block" blockname="rockResource02" prob =".0005" rotatemax="3"/>
				<decoration type="block" blockname="brownGrassDiagonal" prob =".15" />
				<decoration type="block" blockname="tallGrassDiagonal" prob =".35" />
				<decoration type="block" blockname="driftwood" prob ="0.001" rotatemax="3"/>
				<decoration type="block" blockname="driftwood2" prob ="0.001" rotatemax="3"/>
            	<decoration type="block" blockname="cinderBlocks01" prob=".0001" rotatemax="7"/>
            	<decoration type="block" blockname="MountainPineDry" prob="0.005" rotatemax="7"/>
            	<decoration type="block" blockname="DeadShrub" prob="0.005" rotatemax="7"/>
            	<decoration type="block" blockname="DeadTree02" prob="0.005" rotatemax="7"/>
            	<decoration type="block" blockname="deadPineLeaf" prob ="0.01" rotatemax="7"/>
            	<decoration type="prefab" name="car_wasteland" prob=".001" />


          </decorations>
       </biome>

       <!-- Radiated Main Biome -->
       <biome name="radiated" biomemapcolor="#FF0000" radiationlevel="10">
          <weather>
          		<Temperature min="35" max="180" prob="1"/>
          		<Fog min="10" max="40" prob="1"/>
          		<CloudThickness min="100" max="100" prob="1"/>
          		<Precipitation min="100" max="100" prob="1"/>
          		<Wind min="10" max="20" prob="0.9"/>
          		<Wind min="20" max="100" prob="0.1"/>
          </weather>
            <layers>
                <layer depth="5" blockname="radiated" />
                <layer depth="*" blockname="radiated" />
                <layer depth="3" blockname="bedrock" />
            </layers>

            <decorations>
              <decoration type="block" blockname="deadPineLeaf" prob ="0.020" rotatemax="7"/>
              <decoration type="block" blockname="brownGrassDiagonal" prob =".05" />
              <decoration type="block" blockname="rock01" prob=".004" rotatemax="3"/>
              <decoration type="block" blockname="cinderBlocks01" prob=".0065" rotatemax="3"/>
              <decoration type="block" blockname="cinderBlocks02" prob=".0065" rotatemax="3"/>
              <decoration type="block" blockname="cinderBlocks03" prob=".0065" rotatemax="3"/>
              <decoration type="block" blockname="BurntPine01" prob="0.001" rotatemax="7"/>
              <decoration type="block" blockname="BurntPine02" prob="0.001" rotatemax="7"/>
              <decoration type="block" blockname="BurntPine03" prob="0.001" rotatemax="7"/>
              <decoration type="block" blockname="BurntPine04" prob="0.001" rotatemax="7"/>
              <decoration type="block" blockname="MountainPineDry" prob="0.001" rotatemax="7"/>
              <decoration type="block" blockname="DeadShrub" prob="0.001" rotatemax="7"/>
              <decoration type="block" blockname="DeadTree02" prob="0.003" rotatemax="7"/>
              <decoration type="prefab" name="car_wasteland" prob=".02" />
            </decorations>
			<terrain class="Hills" />
       </biome>

        <!-- Wasteland Main Biome -->
        <biome name="wasteland" biomemapcolor="#ffa800" >
          <weather>
          		<Temperature min="-10" max="120" prob="1"/>
          		<Fog min="10" max="40" prob="1"/>
          		<CloudThickness min="81" max="100" prob="1"/>
          		<Precipitation min="100" max="100" prob="1"/>
          		<Wind min="10" max="20" prob="0.9"/>
          		<Wind min="20" max="100" prob="0.1"/>
          </weather>
          <layers>
			<layer filluptorg="60" blockname="water" />
            <layer depth="3" blockname="destroyedStone" />
                <layer depth="6" blockname="dirt" >
					<resource blockname="clay" prob="0.2" />
				</layer>
                <layer depth="20" blockname="stone" >
            		<resource blockname="ironOre" cluster="1" prob="0.1" rwgGenerationType="caves" />
            		<resource blockname="coalOre" cluster="1" prob="0.1" rwgGenerationType="caves" />
            		<resource blockname="gravel" cluster="2" prob="0.1" rwgGenerationType="caves" />
                </layer>
                <layer depth="20" blockname="stone" >
					<resource blockname="ironOre" cluster="1" prob="0.1" rwgGenerationType="caves" />
	            	<resource blockname="coalOre" cluster="1" prob="0.1" rwgGenerationType="caves" />
	            	<resource blockname="gravel" cluster="2" prob="0.1" rwgGenerationType="caves" />
                </layer>
                <layer depth="20" blockname="stone" >
					<resource blockname="ironOre" cluster="1" prob="0.1" rwgGenerationType="caves" />
	            	<resource blockname="coalOre" cluster="1" prob="0.1" rwgGenerationType="caves" />
	            	<resource blockname="gravel" cluster="2" prob="0.1" rwgGenerationType="caves" />
                </layer>
                <layer depth="*" blockname="stone" >
            		<resource blockname="ironOre" cluster="1" prob="0.1" rwgGenerationType="caves" />

    			</layer>
                <layer depth="3" blockname="bedrock" />
            </layers>
<spectrum name="wasteland" />
          <decorations>
            <decoration type="block" blockname="lootWasteland" prob="0.00025"/>
            <decoration type="block" blockname="deadPineLeaf" prob ="0.010" rotatemax="7"/>
			<decoration type="block" blockname="scrapMetalPile" prob =".015" rotatemax="7" />
            <decoration type="block" blockname="brick_decayed_broke1" prob =".0004" rotatemax="7" />
            <decoration type="block" blockname="brick_decayed_broke2" prob =".0004" rotatemax="7" />
            <decoration type="block" blockname="brick_decayed_broke3" prob =".0004" rotatemax="7" />
            <decoration type="block" blockname="rock01" prob=".004" rotatemax="3"/>
            <decoration type="block" blockname="rock02" prob=".004" rotatemax="3"/>
            <decoration type="block" blockname="rock04" prob=".004" rotatemax="3"/>
            <decoration type="block" blockname="rockResource" prob =".0005" rotatemax="3"/>
            <decoration type="block" blockname="rockResource02" prob =".0005" rotatemax="3"/>
            <decoration type="block" blockname="birdnest" prob ="0.002" />
            <decoration type="block" blockname="cinderBlocks01" prob=".006" rotatemax="7"/>
            <decoration type="block" blockname="cinderBlocks02" prob=".006" rotatemax="7"/>
            <decoration type="block" blockname="cinderBlocks03" prob=".006" rotatemax="7"/>
		    <decoration type="block" blockname="BurntPine01" prob="0.0012" rotatemax="7"/>
		    <decoration type="block" blockname="BurntPine02" prob="0.0012" rotatemax="7"/>
		    <decoration type="block" blockname="BurntPine03" prob="0.0012" rotatemax="7"/>
		    <decoration type="block" blockname="BurntPine04" prob="0.0012" rotatemax="7"/>
            <decoration type="block" blockname="MountainPineDry" prob="0.0006" rotatemax="7"/>
            <decoration type="block" blockname="DeadShrub" prob="0.001" rotatemax="7"/>
            <decoration type="block" blockname="DeadTree02" prob="0.002" rotatemax="7"/>
            <decoration type="block" blockname="deadPineLeaf" prob ="0.010" rotatemax="7"/>
            <decoration type="prefab" name="waste_rubble_bldg_01" prob=".003" />
            <decoration type="prefab" name="waste_rubble_bldg_02" prob=".003" />
            <decoration type="prefab" name="waste_rubble_bldg_03" prob=".003" />
            <decoration type="prefab" name="mp_waste_pile_01" prob=".0065" />
            <decoration type="prefab" name="mp_waste_pile_02" prob=".0065" />
            <decoration type="prefab" name="mp_waste_pile_03" prob=".005" />
            <decoration type="prefab" name="car_wasteland" prob=".013" />
            <decoration type="block" blockname="brownGrassDiagonal" prob =".05" />
          </decorations>
		  <terrain class="Wasteland" />
        </biome>

      <!-- Burnt Forest Main Biome -->

      <biome name="burnt_forest" biomemapcolor="#ba00ff" >
          <weather>
          		<Temperature min="85" max="150" prob="1"/>
          		<Fog min="0" max="0" prob="1"/>
          		<CloudThickness min="81" max="100" prob="1"/>
          		<Wind min="10" max="20" prob="0.9"/>
          		<Wind min="20" max="100" prob="0.1"/>
          </weather>
        <!-- Burnt Forest Sub Biome Coal and Corpses -->
        <subbiome prob="0.02">
          <layers>
            <layer depth="1" blockname="burntForestGround" />
          </layers>
          <decorations>
            <decoration type="block" blockname="rockResource" prob =".0025" rotatemax="3"/>
            <decoration type="block" blockname="rockResource02" prob =".0025" rotatemax="3"/>
            <decoration type="prefab" name="coal_form01" prob=".0007" rotatemax="7"/>
            <decoration type="block" blockname="DeadShrub" prob="0.01" rotatemax="7"/>
            <decoration type="block" blockname="DeadTree02" prob="0.01" rotatemax="7"/>
            <decoration type="block" blockname="trashPile01" prob="0.007" rotatemax="7"/>
            <decoration type="block" blockname="trashPile08" prob="0.007" rotatemax="7"/>
            <decoration type="block" blockname="corpseLoot02" prob="0.004" rotatemax="7"/>
          </decorations>
        </subbiome>

        <!-- Burnt Forest Sub Biome Thick Grass and Shrubs-->
        <subbiome prob="0.04">
          <layers>
            <layer depth="1" blockname="burntForestGround" />
          </layers>
          <decorations>
            <decoration type="block" blockname="brownGrassDiagonal" prob =".4" />
            <decoration type="block" blockname="DeadShrub" prob=".025" rotatemax="7"/>
            <decoration type="block" blockname="DeadTree02" prob=".06" rotatemax="7"/>
          </decorations>
        </subbiome>


        <layers>
				<layer filluptorg="60" blockname="water" />
				<layer depth="1" blockname="burntForestGround" />
                <layer depth="3" blockname="dirt" >
				<resource blockname="clay" prob="0.2" />
				</layer>
                <layer depth="20" blockname="stone" >
            		<resource blockname="ironOre" cluster="1" prob="0.1" rwgGenerationType="caves" />
            		<resource blockname="coalOre" cluster="1" prob="0.1" rwgGenerationType="caves" />
            		<resource blockname="gravel" cluster="2" prob="0.1" rwgGenerationType="caves" />
                </layer>
                <layer depth="20" blockname="stone" >
					<resource blockname="ironOre" cluster="1" prob="0.1" rwgGenerationType="caves" />
	            	<resource blockname="coalOre" cluster="1" prob="0.1" rwgGenerationType="caves" />
	            	<resource blockname="gravel" cluster="2" prob="0.1" rwgGenerationType="caves" />
                </layer>
                <layer depth="20" blockname="stone" >
					<resource blockname="ironOre" cluster="1" prob="0.1" rwgGenerationType="caves" />
	            	<resource blockname="coalOre" cluster="1" prob="0.1" rwgGenerationType="caves" />
	            	<resource blockname="gravel" cluster="2" prob="0.1" rwgGenerationType="caves" />
                </layer>
                <layer depth="*" blockname="stone" >
            		<resource blockname="ironOre" cluster="1" prob="0.1" rwgGenerationType="caves" />

    			</layer>
                <layer depth="3" blockname="bedrock" />
            </layers>

        <decorations>

          <decoration type="block" blockname="smokestorm" prob ="0.0001" />
          <decoration type="block" blockname="lootBurntForest" prob="0.00025"/>
          <decoration type="block" blockname="rock01" prob=".005" rotatemax="3"/>
          <decoration type="block" blockname="rock02" prob=".005" rotatemax="3"/>
          <decoration type="block" blockname="rock04" prob=".005" rotatemax="3"/>
          <decoration type="block" blockname="rockResource" prob =".0005" rotatemax="3"/>
          <decoration type="block" blockname="rockResource02" prob =".0005" rotatemax="3"/>
          <decoration type="block" blockname="birdnest" prob ="0.002" />
           <decoration type="block" blockname="brownGrassDiagonal" prob =".02" />
		      <decoration type="block" blockname="BurntPine01" prob="0.005" rotatemax="7"/>
		      <decoration type="block" blockname="BurntPine02" prob="0.005" rotatemax="7"/>
		      <decoration type="block" blockname="BurntPine03" prob="0.005" rotatemax="7"/>
		      <decoration type="block" blockname="BurntPine04" prob="0.005" rotatemax="7"/>
          <decoration type="block" blockname="DeadShrub" prob="0.001" rotatemax="7"/>
          <decoration type="block" blockname="DeadTree01" prob="0.002" rotatemax="7"/>
          <decoration type="block" blockname="DeadTree02" prob="0.003" rotatemax="7"/>
          <decoration type="prefab" name="houseburnt_deco1" prob=".0009" />
          <decoration type="prefab" name="houseburnt_deco2" prob=".0009" />
          <decoration type="block" blockname="emberPile1" prob ="0.001" rotatemax="7"/>
          <decoration type="block" blockname="emberPile2" prob ="0.001" rotatemax="7"/>
          <decoration type="block" blockname="emberPile3" prob ="0.01" rotatemax="7"/>
          <decoration type="block" blockname="emberPile4" prob ="0.01" rotatemax="7"/>

        </decorations>
		<terrain class="Mountains" />
      </biome>


      <!-- City Main Biome Diersville -->
      <biome name="city" biomemapcolor="#808080" >
          <weather>
          		<Temperature min="-10" max="101" prob="1"/>
          		<Fog min="10" max="40" prob="1"/>
          		<CloudThickness min="10" max="70" prob="0.1"/>
          		<CloudThickness min="70" max="100" prob="0.9"/>
          		<Precipitation min="100" max="100" prob="1"/>
          		<Wind min="10" max="20" prob="0.9"/>
          		<Wind min="20" max="100" prob="0.1"/>
          </weather>
        <layers>
          <layer depth="3" blockname="asphalt" />
                <layer depth="*" blockname="stone" >

            		<resource blockname="ironOre" cluster="1" prob="0.01" />
            		<resource blockname="coalOre" cluster="1" prob="0.01" />
            		<resource blockname="potassiumNitrate" cluster="2" prob="0.01" />
            		<resource blockname="leadOre" cluster="2" prob="0.01" />
                </layer>
                	<layer depth="20" blockname="stone" >
            		<resource blockname="ironOre" cluster="1" prob="0.1" />

    			</layer>
                <layer depth="3" blockname="bedrock" />
        </layers>
<spectrum name="forest" />
        <decorations>
        </decorations>
		<terrain class="City" />
      </biome>

      <!-- City Main Biome Gravestown -->
      <biome name="city_wasteland" biomemapcolor="#c0c0c0" >
          <weather>
          		<Temperature min="-10" max="101" prob="1"/>
          		<Fog min="10" max="40" prob="1"/>
          		<CloudThickness min="10" max="70" prob="0.1"/>
          		<CloudThickness min="70" max="100" prob="0.9"/>
          		<Precipitation min="100" max="100" prob="1"/>
          		<Wind min="10" max="20" prob="0.9"/>
          		<Wind min="20" max="100" prob="0.1"/>
          </weather>
        <layers>
			<layer filluptorg="60" blockname="water" />
          <layer depth="3" blockname="asphalt" />
                <layer depth="3" blockname="dirt" >
					<resource blockname="clay" prob="0.2" />
				</layer>
                <layer depth="20" blockname="stone" >
            		<resource blockname="ironOre" cluster="1" prob="0.1" rwgGenerationType="caves" />
            		<resource blockname="coalOre" cluster="1" prob="0.1" rwgGenerationType="caves" />
            		<resource blockname="potassiumNitrate" cluster="1" prob="0.1" rwgGenerationType="caves" />
            		<resource blockname="leadOre" cluster="1" prob="0.1" rwgGenerationType="caves" />
            		<resource blockname="gravel" cluster="2" prob="0.1" rwgGenerationType="caves" />
                </layer>
                <layer depth="20" blockname="stone" >
            		<resource blockname="potassiumNitrate" cluster="1" prob="0.1" rwgGenerationType="caves" />
            		<resource blockname="ironOre" cluster="1" prob="0.1" rwgGenerationType="caves" />
            		<resource blockname="coalOre" cluster="1" prob="0.1" rwgGenerationType="caves" />
            		<resource blockname="leadOre" cluster="1" prob="0.1" rwgGenerationType="caves" />
            		<resource blockname="potassiumNitrate" cluster="1" prob="0.1" rwgGenerationType="caves" />
            		<resource blockname="gravel" cluster="2" prob="0.1" rwgGenerationType="caves" />
                </layer>
                <layer depth="20" blockname="stone" >
            		<resource blockname="ironOre" cluster="1" prob="0.1" rwgGenerationType="caves" />
            		<resource blockname="coalOre" cluster="1" prob="0.1" rwgGenerationType="caves" />
            		<resource blockname="leadOre" cluster="1" prob="0.1" rwgGenerationType="caves" />
            		<resource blockname="potassiumNitrate" cluster="1" prob="0.1" rwgGenerationType="caves" />
            		<resource blockname="gravel" cluster="2" prob="0.1" rwgGenerationType="caves" />
                </layer>
                <layer depth="*" blockname="stone" >
            		<resource blockname="ironOre" cluster="1" prob="0.1" rwgGenerationType="caves" />

    			</layer>
                <layer depth="3" blockname="bedrock" />
            </layers>
<spectrum name="wasteland" />
        <decorations>
        </decorations>
		<terrain class="Mountains" />
      </biome>

      <!-- Wasteland Hub Biome Random Gen -->
	  <biome name="wasteland_hub" biomemapcolor="#a0a0a0" >
          <weather>
          		<Temperature min="-10" max="101" prob="1"/>
          		<Fog min="10" max="40" prob="1"/>
          		<CloudThickness min="10" max="70" prob="0.1"/>
          		<CloudThickness min="70" max="100" prob="0.9"/>
          		<Precipitation min="100" max="100" prob="1"/>
          		<Wind min="10" max="20" prob="0.9"/>
          		<Wind min="20" max="100" prob="0.1"/>
          </weather>
      <!-- Wasteland Hub Sub Biome Radiation and Corpses -->
      <subbiome prob="0.02">
        <layers>
          <layer depth="5" blockname="radiated" />
          <layer depth="*" blockname="radiated" />
          <layer depth="3" blockname="bedrock" />
        </layers>
        <decorations>
          <decoration type="block" blockname="rockResource" prob =".0025" rotatemax="3"/>
          <decoration type="block" blockname="rockResource02" prob =".0025" rotatemax="3"/>
          <decoration type="block" blockname="DeadShrub" prob="0.01" rotatemax="7"/>
          <decoration type="block" blockname="DeadTree02" prob="0.01" rotatemax="7"/>
          <decoration type="block" blockname="trashPile01" prob="0.007" rotatemax="7"/>
          <decoration type="block" blockname="trashPile08" prob="0.007" rotatemax="7"/>
          <decoration type="block" blockname="corpseLoot02" prob="0.004" rotatemax="7"/>
        </decorations>
      </subbiome>
      <spectrum name="wasteland" />

      <layers>
        <layer filluptorg="60" blockname="water" />
		<layer depth="3" blockname="destroyedStone" />
		<layer depth="3" blockname="dirt" >
			<resource blockname="clay" prob="0.08" />
		</layer>
		<layer depth="20" blockname="stone" >
			<resource blockname="ironOre" cluster="1" prob="0.1" rwgGenerationType="caves" />
			<resource blockname="coalOre" cluster="2" prob="0.1" rwgGenerationType="caves" />
		</layer>
		<layer depth="20" blockname="stone" >
			<resource blockname="ironOre" cluster="1" prob="0.1" rwgGenerationType="caves" />
			<resource blockname="coalOre" cluster="1" prob="0.1" rwgGenerationType="caves" />
		</layer>
		<layer depth="20" blockname="stone" >
			<resource blockname="ironOre" cluster="1" prob="0.1" rwgGenerationType="caves" />
			<resource blockname="leadOre" cluster="1" prob="0.1" rwgGenerationType="caves" />
		</layer>
		<layer depth="*" blockname="stone" >
            		<resource blockname="ironOre" cluster="1" prob="0.1" rwgGenerationType="caves" />

		</layer>
		<layer depth="3" blockname="bedrock" />
	</layers>

      <decorations>
        <decoration type="block" blockname="lootWasteland" prob="0.00025"/>
        <decoration type="block" blockname="deadPineLeaf" prob ="0.010" rotatemax="7"/>
        <decoration type="block" blockname="brownGrassDiagonal" prob =".05" />
        <decoration type="block" blockname="scrapMetalPile" prob =".015" rotatemax="7" />
        <decoration type="block" blockname="brick_decayed_broke1" prob =".0004" rotatemax="7" />
        <decoration type="block" blockname="brick_decayed_broke2" prob =".0004" rotatemax="7" />
        <decoration type="block" blockname="brick_decayed_broke3" prob =".0004" rotatemax="7" />
        <decoration type="block" blockname="rock01" prob=".004" rotatemax="3"/>
        <decoration type="block" blockname="rock02" prob=".004" rotatemax="3"/>
        <decoration type="block" blockname="rock04" prob=".004" rotatemax="3"/>
        <decoration type="block" blockname="rockResource" prob =".0005" rotatemax="3"/>
        <decoration type="block" blockname="rockResource02" prob =".0005" rotatemax="3"/>
        <decoration type="block" blockname="birdnest" prob ="0.002" />
        <decoration type="block" blockname="cinderBlocks01" prob=".006" rotatemax="7"/>
        <decoration type="block" blockname="cinderBlocks02" prob=".006" rotatemax="7"/>
        <decoration type="block" blockname="cinderBlocks03" prob=".006" rotatemax="7"/>
        <decoration type="block" blockname="BurntPine01" prob="0.0012" rotatemax="7"/>
        <decoration type="block" blockname="BurntPine02" prob="0.0012" rotatemax="7"/>
        <decoration type="block" blockname="BurntPine03" prob="0.0012" rotatemax="7"/>
        <decoration type="block" blockname="BurntPine04" prob="0.0012" rotatemax="7"/>
        <decoration type="block" blockname="MountainPineDry" prob="0.0006" rotatemax="7"/>
        <decoration type="block" blockname="DeadShrub" prob="0.001" rotatemax="7"/>
        <decoration type="block" blockname="DeadTree02" prob="0.002" rotatemax="7"/>
        <decoration type="block" blockname="deadPineLeaf" prob ="0.010" rotatemax="7" />
        <decoration type="prefab" name="waste_rubble_bldg_01" prob=".003" />
        <decoration type="prefab" name="waste_rubble_bldg_02" prob=".003" />
        <decoration type="prefab" name="waste_rubble_bldg_03" prob=".003" />
        <decoration type="prefab" name="mp_waste_pile_01" prob=".0065" />
        <decoration type="prefab" name="mp_waste_pile_02" prob=".0065" />
        <decoration type="prefab" name="mp_waste_pile_03" prob=".005" />
        <decoration type="prefab" name="car_wasteland" prob=".013" />
      </decorations>
      <terrain class="Wasteland" />
      </biome>

	  <biome name="caveFloor" biomemapcolor="#a1a1a1" >
		<decorations>
			<decoration type="prefab" name="rg_cave_spawn_01" prob="0.005" rotatemax="7"/>
			<decoration type="block" blockname="mushroom01" prob="0.02" rotatemax="7"/>
			<decoration type="block" blockname="mushroom02" prob="0.02" rotatemax="7"/>
			<decoration type="block" blockname="stalagmite01" prob="0.02" rotatemax="7"/>
			<decoration type="block" blockname="stalagmite02" prob="0.02" rotatemax="7"/>
			<decoration type="block" blockname="stalagmite03" prob="0.02" rotatemax="7"/>
			<decoration type="block" blockname="stalagmite04" prob="0.02" rotatemax="7"/>
			<decoration type="block" blockname="rockResource" prob =".0005" rotatemax="3"/>
			<decoration type="block" blockname="rockResource02" prob =".0005" rotatemax="3"/>
			<decoration type="block" blockname="corpseLoot02" prob="0.004" rotatemax="7"/>
			<decoration type="block" blockname="rock01" prob=".004" rotatemax="3"/>
			<decoration type="block" blockname="campfire" prob=".00004" rotatemax="3"/>
			<decoration type="block" blockname="apacheArtifactChest" prob=".00001" rotatemax="3"/>
		</decorations>
	  </biome>

	  <biome name="caveCeiling" biomemapcolor="#a2a2a2" >
		<decorations>
			<decoration type="block" blockname="cobweb" prob="0.12" rotatemax="7"/>
			<decoration type="block" blockname="hangingMoss" prob="0.12" rotatemax="7"/>
			<decoration type="block" blockname="stalactite01" prob="0.02" rotatemax="7"/>
			<decoration type="block" blockname="stalactite02" prob="0.02" rotatemax="7"/>
			<decoration type="block" blockname="stalactite03" prob="0.02" rotatemax="7"/>
			<decoration type="block" blockname="stalactite04" prob="0.02" rotatemax="7"/>
		</decorations>
	  </biome>

     </biomes>

     <!-- Street Parameters: -->
     <!-- surfaceoffset: integer: defines the number of blocks which is added to the toplevel of the street tile
                           negativ means the tile will be placed in the ground; positive means the tile will be above the ground-->
     <!-- smoothness: integer: defines the number of blocks which are tolerated in height difference.
                           value can be from 0 to 100 where 0 means no change of landscape and 100 builds even road level across whole level
                           (much more than 2 is probably not reasonable) -->
     <pois>
        <!--poi name="Road Concrete" poimapcolor="#3a3020" prefab="road_concrete" surfaceoffset="0" />
        <poi name="Road Asphalt" poimapcolor="#272f48" prefab="road_asphalt" surfaceoffset="0" />
        <poi name="Road Gravel" poimapcolor="#806f52" prefab="road_gravel" surfaceoffset="0" />
        <poi name="crossing" poimapcolor="#f6ff0f" prefab="street_crossing" />
        <poi name="Water" poimapcolor="#0063ff" prefab="water_7_wide" surfaceoffset="0" /-->

        <!-->poi name="Water" poimapcolor="#0063ff" blockname="water" ypos="56" old water set method/-->
        <!--<poi name="Water" poimapcolor="#0063ff" prefab="water" ypos="56"/>-->

        <poi name="City Asphalt " poimapcolor="#3d3f47" blockname="asphalt">
            <decal texture="0" face="0" prob="0.001" /> <!-- 0 == 500 -->
            <decal texture="1" face="0" prob="0.001" /> <!-- 1 == 501 -->
            <decal texture="2" face="0" prob="0.001" />
            <decal texture="3" face="0" prob="0.001" />
            <decal texture="4" face="0" prob="0.001" />
            <decal texture="5" face="0" prob="0.001" />
            <decal texture="6" face="0" prob="0.001" />
            <decal texture="7" face="0" prob="0.001" />
            <decal texture="8" face="0" prob="0.001" />
			<decal texture="9" face="0" prob="0" />
			<decal texture="10" face="0" prob="0" />
            <decal texture="11" face="0" prob="0.001" />
            <decal texture="12" face="0" prob="0.001" />
            <decal texture="13" face="0" prob="0.001" />
            <decal texture="14" face="0" prob="0.001" />
            <decal texture="15" face="0" prob="0.001" />
            <blockontop blockname="lootStreet" prob="0.001" rotatemax="7"/>
        </poi>

       <poi name="Country Road Asphalt" poimapcolor="#272f48" blockname="asphalt">
           <decal texture="0" face="0" prob="0.005" />
           <decal texture="1" face="0" prob="0.005" />
           <decal texture="2" face="0" prob="0.005" />
           <decal texture="3" face="0" prob="0.005" />
           <decal texture="4" face="0" prob="0.005" />
           <decal texture="5" face="0" prob="0.005" />
           <decal texture="6" face="0" prob="0.005" />
           <decal texture="7" face="0" prob="0.005" />
           <decal texture="8" face="0" prob="0.005" />
		   <decal texture="9" face="0" prob="0" />
           <decal texture="10" face="0" prob="0" />
           <decal texture="11" face="0" prob="0.005" />
           <decal texture="12" face="0" prob="0.005" />
           <decal texture="13" face="0" prob="0.005" />
           <decal texture="14" face="0" prob="0.005" />
           <decal texture="15" face="0" prob="0.005" />
           <blockontop blockname="lootStreet" prob="0.001" rotatemax="7"/>
       </poi>

        <poi name="Road Gravel" poimapcolor="#806f52" blockname="gravel" >
           <decal texture="0" face="0" prob="0.005" />
           <decal texture="1" face="0" prob="0.005" />
           <decal texture="2" face="0" prob="0.005" />
           <decal texture="3" face="0" prob="0.005" />
           <decal texture="4" face="0" prob="0.005" />
           <decal texture="5" face="0" prob="0.005" />
           <decal texture="6" face="0" prob="0.005" />
           <decal texture="7" face="0" prob="0.005" />
           <decal texture="8" face="0" prob="0.005" />
           <decal texture="9" face="0" prob="0" />
           <decal texture="10" face="0" prob="0" />
           <decal texture="11" face="0" prob="0.005" />
           <decal texture="12" face="0" prob="0.005" />
           <decal texture="13" face="0" prob="0.005" />
           <decal texture="14" face="0" prob="0.005" />
           <decal texture="15" face="0" prob="0.005" />
           <blockontop blockname="lootStreet" prob="0.001" rotatemax="7"/>
       </poi>

        <poi name="Water" poimapcolor="#0063ff" blockname="water" />
        <poi name="WaterDesert" poimapcolor="#002868" blockname="water" yposfill="43"/>
        <poi name="WaterHills" poimapcolor="#5d9bfd" blockname="water" yposfill="72"/>
        <poi name="WaterMountains" poimapcolor="#a3c7fe" blockname="water" yposfill="77"/>
        <poi name="Sand" poimapcolor="#c6b9a2" blockname="sand"/>
        <poi name="Waterfall" poimapcolor="#01596c" blockname="waterMoving" yposfill="57" />
        <poi name="Empty" poimapcolor="#f6ff00" />

     </pois>
</worldgeneration>
