<?xml version="1.0" encoding="UTF-8"?>

<entitygroups>

    <entitygroup name="ZombiesAll">
        <entity name="zombie04" />
        <entity name="zombie05" />
        <entity name="zombie06" />
        <entity name="zombie07" />
		<entity name="zombiegal01" />
		<entity name="zombiegal02" />
		<entity name="zombiegal03" />
		<entity name="zombiegal04" />
		<entity name="fatzombie" />
		<entity name="zombiecrawler" />
    <entity name="Ruby" prob="0.0035" />
		<entity name="nurseBetty" prob="0.0035" />
    <entity name="witch" prob="0.0035" />
    <entity name="RuleNo1" prob="0.0015" />
    <entity name="fatCopBoss" prob="0.0015" />
    </entitygroup>

    <entitygroup name="ZombiesNight">
        <entity name="zombie04"/>
        <entity name="zombie05" />
        <entity name="zombie06" />
        <entity name="zombie07" />
		<entity name="zombiegal01" />
		<entity name="zombiegal02" />
		<entity name="zombiegal03" />
		<entity name="zombiegal04" />
		<entity name="fatzombie" />
    <entity name="shitterzombie" />
		<entity name="hornet" prob="0.04" />
		<entity name="zombiedog" prob="0.04" />
		<entity name="zombiecrawler" />
    <entity name="Ruby" prob="0.0035" />
    <entity name="fatcrawlerzombie" prob="0.03" />
		<entity name="nurseBetty" prob="0.0045" />
		<entity name="zombieripper" prob="0.0015" />
		<entity name="Hellhound" prob="0.0015" />
    <entity name="RuleNo1" prob="0.0015" />
    <entity name="fatCopBoss" prob="0.0015" />
    </entitygroup>


    <entitygroup name="ZombiesWasteland">
        <entity name="zombie04" />
        <entity name="zombie05" />
        <entity name="zombie06" />
        <entity name="zombie07" />
		<entity name="zombiegal01" />
		<entity name="zombiegal02" />
		<entity name="zombiegal03" />
		<entity name="zombiegal04" />
		<entity name="fatzombie" />
		<entity name="hornet" />
		<entity name="zombiedog" />
		<entity name="zombiecrawler" />
		<entity name="fatzombiecop" />
		<entity name="burntzombie" />
    <entity name="Ruby" prob="0.0035" />
		<entity name="nurseBetty" prob="0.0045" />
		<entity name="zombieripper" prob="0.0015" />
    <entity name="fatcrawlerzombie" prob="0.03" />
		<entity name="Hellhound" prob="0.0005" />
    <entity name="RuleNo1" prob="0.0015" />
    <entity name="fatCopBoss" prob="0.0015" />
    </entitygroup>

    <entitygroup name="ZombiesWastelandNight">
    <entity name="zombie04" prob="0.05"/>
    <entity name="zombie05" prob="0.05"/>
    <entity name="zombie06" prob="0.05"/>
    <entity name="zombie07" prob="0.05"/>
		<entity name="zombiegal01" prob="0.05"/>
		<entity name="zombiegal02" prob="0.05"/>
		<entity name="zombiegal03" prob="0.05"/>
		<entity name="zombiegal04" prob="0.05"/>
		<entity name="fatzombie" prob="0.05"/>
		<entity name="hornet" prob="0.15"/>
		<entity name="zombiedog" prob="0.15"/>
		<entity name="zombiecrawler" prob="0.05"/>
		<entity name="fatzombiecop" prob="0.15"/>
		<entity name="burntzombie" prob="0.05"/>
		<entity name="zombieferal" prob="0.05"/>
    <entity name="Ruby" prob="0.0035" />
		<entity name="nurseBetty" prob="0.0045" />
    <entity name="fatcrawlerzombie" prob="0.03" />
		<entity name="zombieripper" prob="0.0015" />
    <entity name="witch" prob="0.0015" />
		<entity name="Hellhound" prob="0.0005" />
    <entity name="RuleNo1" prob="0.0015" />
    <entity name="fatCopBoss" prob="0.0015" />
    </entitygroup>

    <entitygroup name="ZombiesWastelandNight2">
        <entity name="zombie04" prob="0.03"/>
        <entity name="zombie05" prob="0.03"/>
        <entity name="zombie06" prob="0.03"/>
        <entity name="zombie07" prob="0.03"/>
		<entity name="zombiegal01" prob="0.03"/>
		<entity name="zombiegal02" prob="0.03"/>
		<entity name="zombiegal03" prob="0.03"/>
		<entity name="zombiegal04" prob="0.03"/>
		<entity name="fatzombie" prob="0.15"/>
		<entity name="hornet" prob="0.15"/>
		<entity name="zombiedog" prob="0.20"/>
		<entity name="zombiecrawler" prob="0.03"/>
    <entity name="fatcrawlerzombie" prob="0.03" />
		<entity name="fatzombiecop" prob="0.2"/>
		<entity name="burntzombie" prob="0.03"/>
    </entitygroup>

    <entitygroup name="ZombiesHoard">
        <entity name="zombie04" prob="0.1"/>
        <entity name="zombie05" prob="0.1"/>
        <entity name="zombie06" prob="0.1"/>
        <entity name="zombie07" prob="0.1"/>
		<entity name="zombiegal01" prob="0.1"/>
		<entity name="zombiegal02" prob="0.1"/>
		<entity name="zombiegal03" prob="0.1"/>
		<entity name="zombiegal04" prob="0.1"/>
		<entity name="fatzombie" prob="0.1"/>
		<entity name="fatzombiecop" prob="0.05"/>
		<entity name="hornet" prob="0.05"/>
		<entity name="zombiedog" prob="0.05"/>
		<entity name="zombiecrawler" prob="0.1"/>
    <entity name="Ruby" prob="0.0035" />
		<entity name="nurseBetty" prob="0.0045" />
    <entity name="fatcrawlerzombie" prob="0.03" />
		<entity name="zombieripper" prob="0.0015" />
		<entity name="Hellhound" prob="0.0005" />
		<entity name="Gorilla" prob="0.00015"/>
    <entity name="RuleNo1" prob="0.0015" />
    <entity name="fatCopBoss" prob="0.0015" />
    </entitygroup>

	<entitygroup name="ZombieScouts">
		<entity name="spiderzombie" />
	</entitygroup>

  <entitygroup name="ZombiesCrawlersDogs">
    <entity name="zombiedog" prob="0.04"/>
    <entity name="zombiecrawler" prob="0.1"/>
  </entitygroup>

  <entitygroup name="ZombiesBurntForest">
    <entity name="burntzombie" prob="0.2"/>
    <entity name="zombiecrawler" prob="0.05"/>
    <entity name="zombiedog" prob="0.01"/>
  </entitygroup>

    <entitygroup name="SnowZombies">
        <entity name="snowzombie01" prob="0.3"/>
        <entity name="snowzombie02" prob="0.4"/>
        <entity name="snowzombie03" prob="0.3"/>
    </entitygroup>

    <entitygroup name="ZombiesBoss">
    <entity name="Gorilla" prob="1.2" />
    <entity name="RuleNo1" prob="0.2" />
    <entity name="fatCopBoss" prob="0.1" />
		<entity name="fatzombiecop" />
    </entitygroup>

    <entitygroup name="ZombiesFeral">
		<entity name="zombieferal" />
    </entitygroup>

  <entitygroup name="ZombiesCave">
    <entity name="zombieferal" prob="0.01"/>
    <entity name="GhostBear" prob="0.01"/>
    <entity name="animalBear" prob="0.1"/>
    <entity name="zombiecrawler" prob="0.05"/>
    <entity name="zombie05" prob="0.05"/>
    <entity name="zombie06" prob="0.05"/>
    <entity name="zombie07" prob="0.05"/>
  </entitygroup>

    <entitygroup name="AnimalsSmall">
        <entity name="animalRabbit" />
    </entitygroup>

    <entitygroup name="AnimalsFarm">
        <entity name="animalPig" />
    </entitygroup>

    <entitygroup name="AnimalsBig">
        <entity name="animalStag" prob="0.99" />
        <entity name="animalBear" prob="0.01" />
    </entitygroup>

    <entitygroup name="CarsWild">
      <entity name="animalRabbit" prob="0.80" />
      <entity name="car_Blue" prob="0.05" />
      <entity name="car_Red" prob="0.05" />
      <entity name="car_White" prob="0.05" />
      <entity name="car_Orange" prob="0.05" />
  </entitygroup>

    <entitygroup name="AnimalsAll" >
    	<entity name="animalRabbit" prob="0.50" />
        <entity name="animalStag" prob="0.25" />
        <entity name="animalPig" prob="0.22" />
        <!-- <entity name="Boar" prob="0.05" /> boar removed until devs put its hitbox back in -->
        <entity name="animalBear" prob="0.02" />
        <!-- <entity name="RaZorBack" prob="0.02" /> same as boar -->
        <entity name="GhostBear" prob="0.01"/>
    </entitygroup>

    <entitygroup name="ZrabbitGroup">
        <entity name="Zrabbit" />
    </entitygroup>

    <entitygroup name="HornetGroup">
        <entity name="hornet" />
    </entitygroup>

    <entitygroup name="HornetGroup">
        <entity name="hornet" />
        <entity name="Whornet" prob="0.1" />
    </entitygroup>

    <entitygroup name="ZombieDogGroup">
      <entity name="Hellhound" prob="0.2" />
      <entity name="zombiedog" prob="0.8" />
    </entitygroup>

    <entitygroup name="SupplyCrates_General">
		<entity name="sc_General" />
    </entitygroup>
</entitygroups>
