<?xml version="1.0" encoding="UTF-8"?>

<entity_classes>

    <!-- PLAYER -->
    <entity_class name="playerMale">

		<!-- This one decides for scoring -->
		<property name="EntityType" 		value="Player" />
		<property name="ModelType" 			value="UMA" />
		<property name="Class"  			value="EntityPlayer" />
		<property name="RagdollEnabled" 	value="false" />
		<property name="Prefab" 			value="Player" />
		<property name="Mesh"   			value="Player/Male/player_maleRagdoll" />
		<property name="PhysicsBody"		value="Player" />

		<property name="AvatarController" 	value="AvatarUMAController" />
		<property name="LocalAvatarController" 	value="AvatarLocalPlayerController" />
		<property name="Parent" 			value="Players" />
		<property name="CrouchYOffsetFP"	value="-0.65" />
		<property name="IsMale" 			value="true" />

		<!-- This decides on the particle effect played on hit -->
		<property name="SurfaceCategory"    value="organic" />
		<property name="PushFactor"   		value="5" />
		<property name="Weight"       		value="70" />
		<property name="ParticleOnDeath" 	value="blood_death" />
		<property name="SoundHurt"      	value="Player_Male/player1painlg" />
		<property name="SoundHurtSmall" 	value="Player_Male/player1painsm" />
		<property name="SoundDeath"     	value="Player_Male/player1death" />
		<property name="SoundStamina"   	value="Player_Male/player1stamina" />
		<property name="SoundDrownPain"   	value="Player_Male/player1drownpain" />
		<property name="SoundWaterSurface" 	value="Player_Male/player1drownsurface" />
		<property name="SoundDrownDeath"	value="Player_Male/player1drowndeath" />

		<!-- If set this entity shows on the map -->
		<property name="MapIcon"   		 	value="map_player" />
		<property name="IsEnemyEntity"   	value="false" />

		<!-- Speciality properties -->
		<property name="DropInventoryBlock"	value="backpackDropped" />
		<property name="ItemsOnEnterGame.GameModeSurvivalSP"	value="bottledWater,canChili,firstAidBandage,torch" />
		<property name="ItemsOnEnterGame.GameModeSurvivalMP" 	value="bottledWater,canChili,firstAidBandage,torch,keystone" />


		<property name="UMA.EquipmentSlot.Head" value="0" param1="male_base_face" param2="male_head" />
		<property name="UMA.EquipmentSlot.Eyes" value="0" param1="male_base_eyes" param2="unisex_eyes" />
		<property name="UMA.EquipmentSlot.Hands" value="0" param1="male_base_hands" param2="male_hands" />
		<property name="UMA.EquipmentSlot.Hair" value="1" param1="male_base_hair" param2="male_base_hair" />
		<property name="UMA.EquipmentSlot.Chest" value="0" param1="male_base_chest" param2="male_torso" />
		<property name="UMA.EquipmentSlot.Legs" value="0" param1="male_base_legs" param2="male_torso" />
		<property name="UMA.EquipmentSlot.Feet" value="0" param1="male_base_feet" param2="male_feet" />
		<property name="UMA.EquipmentSlot.Back" value="0" param1="unisex_gear_backpack01" param2="unisex_gear_backpack01" />

		<property name="ExperienceGain" value="100"/>
	</entity_class>

	<entity_class name="playerFemale">

		<!-- This one decides for scoring -->
		<property name="EntityType" 		value="Player" />
		<property name="ModelType" 			value="UMA" />
        <property name="Class"  			value="EntityPlayer" />
		<property name="RagdollEnabled" 	value="false" />
		<property name="Prefab" 			value="Player" />
		<property name="Mesh"   			value="Player/Female/player_femaleRagdoll" />
		<property name="AvatarController" 	value="AvatarUMAController" />
		<property name="LocalAvatarController" 	value="AvatarLocalPlayerController" />
		<property name="Parent" 			value="Players" />
		<property name="IsMale" 			value="false" />
		<property name="CrouchYOffsetFP"	value="-0.55" />
		<property name="PhysicsBody"		value="Player" />

		<!-- This decides on the particle effect played on hit -->
		<property name="SurfaceCategory"    value="organic" />
		<property name="PushFactor"   		value="5" />
		<property name="Weight"       		value="70" />
		<property name="ParticleOnDeath" 	value="blood_death" />
		<property name="SoundHurt"      	value="Player_Female/player2painlg" />
		<property name="SoundHurtSmall" 	value="Player_Female/player2painsm" />
		<property name="SoundDeath"     	value="Player_Female/player2death" />
		<property name="SoundStamina"   	value="Player_Female/player2stamina" />
		<property name="SoundDrownPain"   	value="Player_Female/player2drownpain" />
		<property name="SoundWaterSurface" 	value="Player_Female/player2drownsurface" />
		<property name="SoundDrownDeath"	value="Player_Female/player2drowndeath" />

		<!-- If set this entity shows on the map -->
		<property name="MapIcon"   		 	value="map_player" />
		<property name="IsEnemyEntity"   	value="false" />

		<!-- Speciality properties -->
		<property name="DropInventoryBlock"	value="backpackDropped" />
		<property name="ItemsOnEnterGame.GameModeSurvivalSP"	value="bottledWater,canChili,firstAidBandage,torch" />
		<property name="ItemsOnEnterGame.GameModeSurvivalMP" 	value="bottledWater,canChili,firstAidBandage,torch,keystone" />

		<!--
		UMA Slots :
		name = name must match the equipment slot name, hair is a special exception.
		value = layer
		param1 = umaMeshName
		param2 = umaOverlayName
		-->
		<property name="UMA.EquipmentSlot.Head" value="0" param1="female_base_face" param2="female_head" />
		<property name="UMA.EquipmentSlot.Eyes" value="0" param1="female_base_eyes" param2="unisex_eyes" />
		<property name="UMA.EquipmentSlot.Face" value="0" param1="female_base_eyelashes" param2="female_eyelashes" />
		<property name="UMA.EquipmentSlot.Hands" value="0" param1="female_base_hands" param2="female_hands" />
		<property name="UMA.EquipmentSlot.Hair" value="1" param1="female_base_hair" param2="female_hair_01" />

		<property name="UMA.EquipmentSlot.Chest" value="0" param1="female_base_chest" param2="female_torso" />
		<property name="UMA.EquipmentSlot.Legs" value="0" param1="female_base_legs" param2="female_torso" />
		<property name="UMA.EquipmentSlot.Feet" value="0" param1="female_base_feet" param2="female_feet" />
		<property name="UMA.EquipmentSlot.Back" value="0" param1="unisex_gear_backpack01" param2="unisex_gear_backpack01" />

		<!-- Alternate Example, Basic denim clothing
		<property name="UMA.EquipmentSlot.Head" value="0" param1="female_head" param2="female_head" />
		<property name="UMA.EquipmentSlot.Eyes" value="0" param1="female_eyes" param2="female_eyes" />
		<property name="UMA.EquipmentSlot.Face" value="0" param1="female_eyelashes" param2="female_eyelashes" />
		<property name="UMA.EquipmentSlot.Hands" value="0" param1="female_hands" param2="female_hands" />
		<property name="UMA.EquipmentSlot.Hair" value="1" param1="female_hair" param2="female_hair_01" />

		<property name="UMA.EquipmentSlot.Chest" value="0" param1="female_shirt" param2="female_shirt_01" />
		<property name="UMA.EquipmentSlot.Legs" value="0" param1="female_pants" param2="female_pants_01" />
		<property name="UMA.EquipmentSlot.Feet" value="0" param1="female_boots" param2="male_boot_02" />
		-->

		<property name="ExperienceGain" value="100"/>
	</entity_class>

    <!-- ZOMBIES -->

    <entity_class name="zombie04">

    	<!-- This one decides for scoring -->
        <property name="EntityType" value="Zombie" />

        <!-- Mesh and class properties -->
        <property name="Mesh"   value="Zombies/zombie04Ragdoll" />
		<property name="ModelType" value="Standard" />
		<property name="RagdollEnabled" value="true" />
        <property name="Prefab" value="NPC" />
        <property name="Class"  value="EntityZombie" />
        <property name="Parent" value="Enemies" />
        <property name="AvatarController" value="AvatarZombieController" />
		<property name="PhysicsBody" value="zombie04" />

        <!-- AI properties -->
        <property name="AITask-1" value="BreakDoor" />
        <property name="AITask-2" value="BreakBlock" />
        <property name="AITask-3" value="Territorial" param1="10" />
        <property name="AITask-4" value="ApproachAndAttackTarget" param1="EntityPlayer" />
        <property name="AITask-5" value="ApproachAndAttackTarget" param1="EntityAnimalBear" />
        <property name="AITask-6" value="ApproachAndAttackTarget" param1="EntityAnimalStag" />
        <property name="AITask-7" value="ApproachSpot" />
	    <property name="AITask-8" value="Wander" />

        <property name="AITarget-1" value="SetAsTargetIfHurt" param1="EntityPlayer" />
		<property name="AITarget-2" value="BlockingTargetTask" />
        <property name="AITarget-3" value="SetNearestEntityAsTarget" param1="EntityPlayer" />
        <property name="AITarget-4" value="SetNearestEntityAsTarget" param1="EntityAnimalBear" />
        <property name="AITarget-5" value="SetNearestEntityAsTarget" param1="EntityAnimalStag" />

        <!-- General entity properties -->
        <property name="MaxHealth"    value="250" />
        <property name="MaxViewAngle" value="180" />
        <property name="HandItem"     value="handZombie" />
        <property name="Weight"       value="70" />
		<property name="Immunity"     value="sickness;disease;bleeding;wellness" />

        <property name="WanderSpeed"        value="0.08" />
        <property name="ApproachSpeed"      value="0.2" />
        <property name="NightWanderSpeed"   value="0.08" />
        <property name="NightApproachSpeed" value="1.1" />
        <property name="PanicSpeed"         value="0.55" />

	    <property name="CanClimbLadders"     value="true" />

		<property name="IsEnemyEntity"   	value="true" />

        <!-- This decides on the particle effect played on hit -->
        <property name="SurfaceCategory"    value="organic" />

        <property name="WalkType"      value="0" />

	    <property name="ParticleOnDeath" value="blood_death" />

        <property name="SoundRandomTime" value="60.0" /> <!-- It will play the roam every 60/30 seconds -->
        <property name="SoundRandom"     value="Enemies/Base_Zombie_Male/zombiemaleroam" />
        <property name="SoundAlertTime" value="25.0" /> <!-- It will play the roam every 25/12.5 seconds-->
        <property name="SoundAlert"     value="Enemies/Base_Zombie_Male/zombiemalealert" />
	    <property name="SoundSense"  value="Enemies/Base_Zombie_Male/zombiemalesense" />
        <property name="SoundHurt"    value="Enemies/Base_Zombie_Male/zombiemalepain" />
        <property name="SoundDeath"   value="Enemies/Base_Zombie_Male/zombiemaledeath" />
        <property name="SoundAttack"  value="Enemies/Base_Zombie_Male/zombiemaleattack" />

        <property name="TimeStayAfterDeath" value="90" />

        <property name="AttackTimeoutDay" value="1.5" />    <!-- in s -->
        <property name="AttackTimeoutNight" value="1.1" />

	    <property name="LootListOnDeath"  value="15" />

	    <property name="CorpseBlock" value="GoreBlock1Prefab"/>
	    <property name="CorpseBlockChance" value="1"/>

	    <property name="ExperienceGain" value="100"/>
    </entity_class>


    <entity_class name="zombieferal" extends="zombie04">
        <property name="Mesh"   value="Zombies/zombieFeralRagdoll" />
        <property name="SoundRandom"     value="Enemies/Feral_Zombie/zombieferalroam" />
        <property name="SoundAlert"     value="Enemies/Feral_Zombie/zombieferalalert" />
        <property name="SoundAttack"     value="Enemies/Feral_Zombie/zombieferalattack" />
        <property name="SoundHurt"     value="Enemies/Feral_Zombie/zombieferalpain" />
        <property name="SoundDeath"   value="Enemies/Feral_Zombie/zombieferaldeath" />
        <property name="SoundSense"  value="Enemies/Feral_Zombie/zombieferalsense" />
        <property name="SoundFootstepModifier"  value="Enemies/Feral_Zombie/zombieferalfootstep" />
		<property name="WalkType"  value="3" />
		<property name="HandItem"             value="handCopZombie" />
        <property name="MaxHealth"    value="2500" />
        <property name="NightApproachSpeed" value="1.8" />
		<property name="ExperienceGain" value="250"/>
		<property name="LootListOnDeath"  value="61" />
    </entity_class>

    <entity_class name="zombie05" extends="zombie04">
        <property name="Mesh"   value="Zombies/zombie05Ragdoll" />
        <property name="WalkType"  value="3" />
        <property name="WanderSpeed"        value="0.08" />
        <property name="ApproachSpeed"      value="0.33" />
        <property name="NightWanderSpeed"   value="0.08" />
        <property name="MaxHealth"    value="200" />
		<property name="ExperienceGain" value="100"/>
    </entity_class>

    <entity_class name="zombie06" extends="zombie04">
        <property name="Mesh"   value="Zombies/zombie06Ragdoll" />
	      <property name="WalkType"  value="2" />
        <property name="WanderSpeed"        value="0.06" />
        <property name="ApproachSpeed"      value="0.33" />
        <property name="NightWanderSpeed"   value="0.06" />
        <property name="NightApproachSpeed" value="0.6" />
        <property name="MaxHealth"    value="150" />
		<property name="ExperienceGain" value="100"/>
    </entity_class>

    <entity_class name="zombie07" extends="zombie04">
        <property name="Mesh"   value="Zombies/zombie07Ragdoll" />
	      <property name="WalkType"  value="2" />
        <property name="WanderSpeed"        value="0.06" />
        <property name="ApproachSpeed"      value="0.33" />
        <property name="NightWanderSpeed"   value="0.06" />
        <property name="NightApproachSpeed" value="0.75" />
        <property name="MaxHealth"    value="200" />
		<property name="ExperienceGain" value="100"/>
    </entity_class>

    <entity_class name="zombie01" extends="zombie04">
        <property name="Mesh"   value="Zombies/zombie01Ragdoll" />
        <property name="AvatarController" value="AvatarZombie01Controller" />
		    <property name="RagdollEnabled" value="false" />
		    <property name="ModelType" value="Standard" />
        <property name="WalkType"  value="7" />
        <property name="WanderSpeed"        value="0.08" />
        <property name="ApproachSpeed"      value="0.2" />
        <property name="NightWanderSpeed"   value="0.08" />
        <property name="RootMotion"   value="true" />
		<property name="ExperienceGain" value="100"/>
    </entity_class>

    <entity_class name="zombiecrawler" extends="zombie04">
        <property name="Mesh"   value="Zombies/zombie07Ragdoll" />
        <property name="HandItem"  value="handZombie02" />
        <property name="Class"  value="EntityZombieCrawl" />
	      <property name="WalkType"  value="4" />
	      <property name="CanClimbLadders"     value="false" />
        <property name="WanderSpeed"        value="0.08" />
        <property name="ApproachSpeed"      value="0.15" />
        <property name="NightWanderSpeed"   value="0.08" />
        <property name="NightApproachSpeed" value="0.15" />
        <property name="PanicSpeed"         value="0.15" />
        <property name="RotateToGround" value="true"/>
        <property name="MaxHealth"    value="100" />
		<property name="ExperienceGain" value="100"/>
    </entity_class>

    <entity_class name="snowzombie01" extends="zombie04">
        <property name="Mesh"   value="Zombies/snowzombie01Ragdoll" />
        <property name="SoundRandom"     value="Enemies/Snow_Zombie_Male/zombiemalesnowroam" />
        <property name="SoundAlert"     value="Enemies/Snow_Zombie_Male/zombiemalesnowalert" />
        <property name="SoundAttack"     value="Enemies/Snow_Zombie_Male/zombiemalesnowattack" />
        <property name="SoundHurt"     value="Enemies/Snow_Zombie_Male/zombiemalesnowpain" />
        <property name="SoundDeath"   value="Enemies/Snow_Zombie_Male/zombiemalesnowdeath" />
        <property name="SoundSense"  value="Enemies/Snow_Zombie_Male/zombiemalesnowsense" />
		    <property name="SoundFootstepModifier"  value="Enemies/Snow_Zombie_Male/zombiesnowfootstep" />
        <property name="HandItem"             value="handCopZombie" />
	      <property name="WalkType"  value="6" />
	      <property name="MaxHealth"    value="300" />
	      <property name="ApproachSpeed"      value="0.25" />
	      <property name="WanderSpeed"        value="0.25" />
		    <property name="ExperienceGain" value="160"/>
    </entity_class>

    <entity_class name="snowzombie02" extends="zombie04">
        <property name="Mesh"   value="Zombies/snowzombie02Ragdoll" />
        <property name="SoundRandom"     value="Enemies/Snow_Zombie_Male/zombiemalesnowroam" />
        <property name="SoundAlert"     value="Enemies/Snow_Zombie_Male/zombiemalesnowalert" />
        <property name="SoundAttack"     value="Enemies/Snow_Zombie_Male/zombiemalesnowattack" />
        <property name="SoundHurt"     value="Enemies/Snow_Zombie_Male/zombiemalesnowpain" />
        <property name="SoundDeath"   value="Enemies/Snow_Zombie_Male/zombiemalesnowdeath" />
        <property name="SoundSense"  value="Enemies/Snow_Zombie_Male/zombiemalesnowsense" />
        <property name="SoundFootstepModifier"  value="Enemies/Snow_Zombie_Male/zombiesnowfootstep" />
        <property name="HandItem"             value="handCopZombie" />
	      <property name="WalkType"  value="6" />
	      <property name="MaxHealth"    value="300" />
	      <property name="ApproachSpeed"      value="0.25" />
	      <property name="WanderSpeed"        value="0.25" />
		    <property name="ExperienceGain" value="160"/>
    </entity_class>

    <entity_class name="snowzombie03" extends="zombie04">
        <property name="Mesh"   value="Zombies/snowzombie03Ragdoll" />
        <property name="SoundRandom"     value="Enemies/Snow_Zombie_Female/zombiefemalesnowroam" />
        <property name="SoundAlert"     value="Enemies/Snow_Zombie_Female/zombiefemalesnowalert" />
        <property name="SoundAttack"     value="Enemies/Snow_Zombie_Female/zombiefemalesnowattack" />
        <property name="SoundHurt"     value="Enemies/Snow_Zombie_Female/zombiefemalesnowpain" />
        <property name="SoundDeath"   value="Enemies/Snow_Zombie_Female/zombiefemalesnowdeath" />
        <property name="SoundSense"  value="Enemies/Snow_Zombie_Female/zombiefemalesnowsense" />
        <property name="SoundFootstepModifier"  value="Enemies/Snow_Zombie_Male/zombiesnowfootstep" />
        <property name="HandItem"             value="handCopZombie" />
	      <property name="WalkType"  value="6" />
	      <property name="MaxHealth"    value="250" />
	      <property name="ApproachSpeed"      value="0.25" />
	      <property name="WanderSpeed"        value="0.25" />
		    <property name="ExperienceGain" value="160"/>
    </entity_class>

    <entity_class name="spiderzombie" extends="zombie04">
        <property name="Mesh"   value="Zombies/spiderzombieRagdoll" />
	      <property name="CanClimbVertical"  value="true" />
        <property name="WalkType"  value="5" />
	      <property name="SoundRandom"     value="Enemies/Spider_Zombie/spiderroam" />
        <property name="SoundAlert"     value="Enemies/Spider_Zombie/spideralert" />
	      <property name="SoundAttack"  value="Enemies/Spider_Zombie/spiderattack" />
	      <property name="SoundDeath"   value="Enemies/Spider_Zombie/spiderdeath" />
	      <property name="SoundHurt"    value="Enemies/Spider_Zombie/spiderpain" />
        <property name="SoundHurt"    value="Enemies/Spider_Zombie/spidersense" />
	      <property name="MaxHealth"    value="180" />
        <property name="WanderSpeed"        value="0.08" />
        <property name="ApproachSpeed"      value="0.2" />
        <property name="NightWanderSpeed"   value="0.08" />
        <property name="NightApproachSpeed" value="1.1" />
        <property name="PanicSpeed"         value="1.2" />
		    <property name="ExperienceGain" value="120"/>
    </entity_class>

    <entity_class name="burntzombie" extends="zombie04">
        <property name="Mesh"   value="Zombies/BurntZombieRagdoll" />
	      <property name="WalkType"  value="2" />
        <property name="SoundRandom"     value="Enemies/Burnt_Zombie/zombieburntroam" />
        <property name="SoundAlert"     value="Enemies/Burnt_Zombie/zombieburntalert" />
        <property name="SoundAttack"     value="Enemies/Burnt_Zombie/zombieburntattack" />
        <property name="SoundHurt"     value="Enemies/Burnt_Zombie/zombieburntpain" />
        <property name="SoundDeath"   value="Enemies/Burnt_Zombie/zombieburntdeath" />
        <property name="SoundSense"  value="Enemies/Burnt_Zombie/zombieburntsense" />
        <property name="SoundFootstepModifier"  value="Enemies/Burnt_Zombie/zombieburntfootstep" />
         <property name="HandItem"             value="handBurningZombie" />
         <property name="MaxHealth"    value="200" />
        <property name="WanderSpeed"        value="0.06" />
        <property name="ApproachSpeed"      value="0.33" />
        <property name="NightWanderSpeed"   value="0.06" />
        <property name="NightApproachSpeed" value="0.75" />
		<property name="ExperienceGain" value="150"/>
    </entity_class>

    <entity_class name="zombiegal01" extends="zombie04">
        <property name="Mesh"   value="Zombies/zombiegal01Ragdoll" />
        <property name="MaxHealth"    value="200" />
	    <property name="LootListOnDeath"  value="21" />
	    <property name="SoundRandom"     value="Enemies/Base_Zombie_Female/zombiefemaleroam" />
	    <property name="SoundAlert"     value="Enemies/Base_Zombie_Female/zombiefemalealert" />
	    <property name="SoundAttack"     value="Enemies/Base_Zombie_Female/zombiefemaleattack" />
	    <property name="SoundHurt"     value="Enemies/Base_Zombie_Female/zombiefemalepain" />
	    <property name="SoundDeath"   value="Enemies/Base_Zombie_Female/zombiefemaledeath" />
        <property name="SoundSense"  value="Enemies/Base_Zombie_Female/zombiefemalesense" />
		<property name="ExperienceGain" value="100"/>
    </entity_class>

    <entity_class name="zombiegal02" extends="zombie04">
      <property name="Mesh"   value="Zombies/zombiegal02Ragdoll" />
      <property name="MaxHealth"    value="200" />
	    <property name="WalkType"  value="3" />
	    <property name="ApproachSpeed"      value="0.33" />
	    <property name="SoundRandom"     value="Enemies/Base_Zombie_Female/zombiefemaleroam" />
	    <property name="SoundAlert"     value="Enemies/Base_Zombie_Female/zombiefemalealert" />
	    <property name="SoundAttack"     value="Enemies/Base_Zombie_Female/zombiefemaleattack" />
	    <property name="SoundHurt"     value="Enemies/Base_Zombie_Female/zombiefemalepain" />
	    <property name="SoundDeath"   value="Enemies/Base_Zombie_Female/zombiefemaledeath" />
        <property name="SoundSense"  value="Enemies/Base_Zombie_Female/zombiefemalesense" />
		<property name="ExperienceGain" value="100"/>
    </entity_class>

    <entity_class name="zombiegal03" extends="zombie04">
        <property name="Mesh"   value="Zombies/zombiegal03Ragdoll" />
	    <property name="MaxHealth"    value="200" />
	    <property name="NightApproachSpeed" value="1.1" />
	    <property name="SoundRandom"     value="Enemies/Base_Zombie_Female/zombiefemaleroam" />
	    <property name="SoundAlert"     value="Enemies/Base_Zombie_Female/zombiefemalealert" />
	    <property name="SoundAttack"     value="Enemies/Base_Zombie_Female/zombiefemaleattack" />
	    <property name="SoundHurt"     value="Enemies/Base_Zombie_Female/zombiefemalepain" />
	    <property name="SoundDeath"   value="Enemies/Base_Zombie_Female/zombiefemaledeath" />
        <property name="SoundSense"  value="Enemies/Base_Zombie_Female/zombiefemalesense" />
		<property name="ExperienceGain" value="100"/>
    </entity_class>

    <entity_class name="zombiegal04" extends="zombie04">
        <property name="Mesh"   value="Zombies/zombiegal04Ragdoll" />
	    <property name="WalkType"  value="3" />
		<property name="ApproachSpeed"      value="0.33" />
	    <property name="MaxHealth"    value="250" />
	    <property name="SoundRandom"     value="Enemies/Base_Zombie_Female/zombiefemaleroam" />
	    <property name="SoundAlert"     value="Enemies/Base_Zombie_Female/zombiefemalealert" />
	    <property name="SoundAttack"     value="Enemies/Base_Zombie_Female/zombiefemaleattack" />
	    <property name="SoundHurt"     value="Enemies/Base_Zombie_Female/zombiefemalepain" />
	    <property name="SoundDeath"   value="Enemies/Base_Zombie_Female/zombiefemaledeath" />
        <property name="SoundSense"  value="Enemies/Base_Zombie_Female/zombiefemalesense" />
		<property name="ExperienceGain" value="100"/>
    </entity_class>

    <entity_class name="zombie02" extends="zombie06">
		<!-- tbd: define new zombie here -->
    </entity_class>

    <entity_class name="fatzombiecop" extends="zombie04">
        <property name="Mesh"                 value="Zombies/FatZombieCopRagdoll" />
        <property name="Class"  			  value="EntityZombieCop" />
	    <property name="HandItem"             value="handCopZombie" />
	    <property name="WalkType"             value="1" />
	    <property name="RightHandJointName"   value="Muzzle" />
        <property name="ApproachSpeed"      value="0.2" />
        <property name="NightWanderSpeed"   value="0.08" />
        <property name="NightApproachSpeed" value="0.75" />
	    <property name="CanClimbLadders"     value="true" />
      <property name="PhysicsBody" value="FatZombieCop" />

        <!-- AI properties -->
        <property name="AITask-1" value="BreakDoor" />
        <property name="AITask-2" value="BreakBlock" />
        <property name="AITask-3" value="RangedAttackTarget" param1="1" param2="5" />  <!-- param1: 0 == attack action, 1 == use action, param2: attack length in s -->
        <property name="AITask-4" value="ApproachAndAttackTarget" param1="EntityPlayer" />
        <property name="AITask-5" value="ApproachAndAttackTarget" param1="EntityAnimalStag" />
        <property name="AITask-6" value="ApproachSpot" />
	    <property name="AITask-7" value="Wander" />

	    <property name="MaxHealth"    value="1200" />
	    <property name="Weight"       value="70" />
	    <property name="PushFactor"   value="20" />
	    <property name="LootListOnDeath"  value="17" />

	    <property name="SoundRandom"     value="Enemies/Acid_Puking_Hulk/hulkroam" />
        <property name="SoundAlert"     value="Enemies/Acid_Puking_Hulk/hulkalert" />
        <property name="SoundAttack"     value="Enemies/Acid_Puking_Hulk/hulkattack" />
        <property name="SoundHurt"     value="Enemies/Acid_Puking_Hulk/hulkpain" />
        <property name="SoundDeath"   value="Enemies/Acid_Puking_Hulk/hulkdeath" />
        <property name="SoundSense"   value="Enemies/Acid_Puking_Hulk/hulksense" />


		<!-- Attached explosion is triggered when hurt much -->
        <property name="Explosion.ParticleIndex"   value="8" />
        <property name="Explosion.RadiusBlocks"    value="3" />
        <property name="Explosion.RadiusEntities"  value="6" />

		<property name="ExperienceGain" value="300"/>

    </entity_class>

    <entity_class name="fatzombie" extends="zombie04">
        <property name="Mesh"   value="Zombies/FatZombieRagdoll" />
	    <property name="WalkType"  value="1" />
	    <property name="HandItem"  value="handCopZombie" />
	    <property name="MaxHealth"    value="300" />
	    <property name="Weight"       value="70" />
	    <property name="PushFactor"   value="20" />
        <property name="ApproachSpeed"      value="0.2" />
        <property name="NightWanderSpeed"   value="0.08" />
        <property name="NightApproachSpeed" value="0.75" />
	    <property name="CanClimbLadders"     value="true" />
	    <property name="LootListOnDeath"  value="38" />
		<property name="ExperienceGain" value="120"/>
    <property name="PhysicsBody" value="FatZombie" />
    </entity_class>

    <entity_class name="hornet" extends="zombie04">
        <property name="Mesh"   value="Animals/Hornet/HornetPrefab" />
		<property name="ModelType" value="Standard" />
        <property name="Class"  value="EntityHornet" />
        <property name="Parent" value="Enemies" />
        <property name="AvatarController" value="AvatarHornetController" />
        <property name="WalkType"  value="3" />
        <property name="MaxHealth"    value="50" />
        <property name="Weight"       value="20" />
        <property name="PushFactor"   value="10" />
        <property name="HandItem"     value="stingHornet" />
        <property name="AttackTimeoutDay" value="2" />    <!-- animations is so long! in s -->
        <property name="AttackTimeoutNight" value="2" />
	    <property name="ParticleOnDeath" value="blood_death" />
        <property name="SoundLiving" value="Enemies/Hornets/hornetflylp"  />  <!-- this does not work so far !!! -->
        <property name="SoundRandomTime" value="60.0" />
        <property name="SoundRandom" value="Enemies/Hornets/hornetroam" />
        <property name="SoundAlertTime" value="25.0" />
        <property name="SoundAlert"     value="Enemies/Hornets/hornetalert" />
        <property name="SoundHurt"    value="Enemies/Hornets/hornetpain" />
        <property name="SoundDeath"   value="Enemies/Hornets/hornetdeath" />
        <property name="SoundAttack"  value="Enemies/Hornets/hornetattack" />
        <property name="SoundSense"  value="Enemies/Hornets/hornetsense" />
		<property name="LootListOnDeath"  value="24" />
		<property name="SpawnOnGround" value="false" />
		<property name="ExperienceGain" value="120"/>
    </entity_class>

    <entity_class name="zombiedog" extends="zombie04">
        <property name="Mesh"   value="Zombies/zombieDogPrefab" />
		<property name="ModelType" value="Standard" />
        <property name="Prefab" value="Dog" />
	    <property name="WalkType"  value="0" />
	    <property name="HandItem"  value="handZombieDog" />
        <property name="Class"  value="EntityZombieDog" />
        <property name="AvatarController" value="AvatarZombieDogController" />
	    <property name="WanderSpeed"        value="0.5" />
        <property name="ApproachSpeed"      value="1.1" />
        <property name="NightWanderSpeed"   value="0.3" />
        <property name="NightApproachSpeed" value="1.4" />
        <property name="PanicSpeed"         value="1.4" />
	    <property name="CanClimbLadders"     value="false" />
	    <property name="RotateToGround" value="true"/>
        <property name="MaxHealth"    value="100" />
	    <property name="SoundRandomTime" value="45.0" />
        <property name="SoundAlertTime" value="25.0" />
        <property name="SoundRandom"     value="Enemies/Zombie_Dogs/zombiedogroam" />
        <property name="SoundAlert"     value="Enemies/Zombie_Dogs/zombiedogalert" />
        <property name="SoundHurt"    value="Enemies/Zombie_Dogs/zombiedogpain" />
        <property name="SoundDeath"   value="Enemies/Zombie_Dogs/zombiedogdeath" />
        <property name="SoundAttack"  value="Enemies/Zombie_Dogs/zombiedogattack" />
        <property name="SoundSense"  value="Enemies/Zombie_Dogs/zombiedogsense" />
        <property name="SoundGiveUp"  value="Enemies/Zombie_Dogs/zombiedoggiveup" />
       	<property name="LootListOnDeath"  value="47" />
		<property name="ExperienceGain" value="300"/>
		<property name="AITask-4" value="ApproachAndAttackTarget" param1="EntityPlayer" param2="18" /> <!-- give up time -->
		<property name="PhysicsBody" value="zombieDog" />
    </entity_class>

    <!-- CARS -->

    <entity_class name="car_Blue">
        <property name="Mesh"   value="Vehicles/car03_blue_dmg0_Prefab" />
		<property name="ModelType" value="Standard" />
        <property name="Prefab" value="Car" />
        <property name="Class"  value="EntityCar" />
        <property name="Parent" value="Cars" />

    <!-- Damage models -->
        <property name="Model-Damage-1"  value="Vehicles/car03_blue_dmg1_Prefab" />
        <property name="Model-Damage-2"  value="Vehicles/car03_blue_dmg2_Prefab" />
        <property name="Model-Damage-3"  value="Vehicles/car03_blue_dmg3_Prefab" />
        <property name="Model-Damage-4"  value="Vehicles/car03_blue_dmg4_Prefab" />
        <property name="Model-Damage-5"  value="Vehicles/car03_blue_dmg5_Prefab" />

    <!-- Life stats -->
        <property name="MaxHealth"    value="1000" />
        <property name="Weight"       value="1200" />

    <!-- This decides on the particle effect played on hit -->
        <property name="SurfaceCategory"  value="metal" />

    <!-- Loot -->
	    <property name="LootListAlive"   value="19" />

    <!-- Set this if you want this entity to be spawned when user chooses 'enemy entities off' -->
	    <property name="IsEnemyEntity"   value="false" />

		<!-- Attached explosion is triggered after being primed -->
        <property name="Explosion.ParticleIndex"   value="6" />
        <property name="Explosion.RadiusBlocks"    value="6" />
        <property name="Explosion.RadiusEntities"  value="6" />
    </entity_class>

    <entity_class name="car_Orange" extends="car_Blue">
        <property name="Mesh"   value="Vehicles/car03_yellow_dmg0_Prefab" />
        <property name="Prefab" value="Car" />
        <property name="Class"  value="EntityCar" />
        <property name="Parent" value="Cars" />

     <!-- Damage models -->
        <property name="Model-Damage-1"  value="Vehicles/car03_yellow_dmg1_Prefab" />
        <property name="Model-Damage-2"  value="Vehicles/car03_yellow_dmg2_Prefab" />
        <property name="Model-Damage-3"  value="Vehicles/car03_yellow_dmg3_Prefab" />
        <property name="Model-Damage-4"  value="Vehicles/car03_yellow_dmg4_Prefab" />
        <property name="Model-Damage-5"  value="Vehicles/car03_yellow_dmg5_Prefab" />
    </entity_class>

    <entity_class name="car_Red" extends="car_Blue">
        <property name="Mesh"   value="Vehicles/car03_red_dmg0_Prefab" />
        <property name="Prefab" value="Car" />
        <property name="Class"  value="EntityCar" />
        <property name="Parent" value="Cars" />

     <!-- Damage models -->
        <property name="Model-Damage-1"  value="Vehicles/car03_red_dmg1_Prefab" />
        <property name="Model-Damage-2"  value="Vehicles/car03_red_dmg2_Prefab" />
        <property name="Model-Damage-3"  value="Vehicles/car03_red_dmg3_Prefab" />
        <property name="Model-Damage-4"  value="Vehicles/car03_red_dmg4_Prefab" />
        <property name="Model-Damage-5"  value="Vehicles/car03_red_dmg5_Prefab" />
    </entity_class>

    <entity_class name="car_White" extends="car_Blue">
        <property name="Mesh"   value="Vehicles/car03_white_dmg0_Prefab" />
        <property name="Prefab" value="Car" />
        <property name="Class"  value="EntityCar" />
        <property name="Parent" value="Cars" />

     <!-- Damage models -->
        <property name="Model-Damage-1"  value="Vehicles/car03_white_dmg1_Prefab" />
        <property name="Model-Damage-2"  value="Vehicles/car03_white_dmg2_Prefab" />
        <property name="Model-Damage-3"  value="Vehicles/car03_white_dmg3_Prefab" />
        <property name="Model-Damage-4"  value="Vehicles/car03_white_dmg4_Prefab" />
        <property name="Model-Damage-5"  value="Vehicles/car03_white_dmg5_Prefab" />
    </entity_class>

    <!-- ANIMALS -->

    <entity_class name="animalStag">

    <!-- Mesh and class properties -->
        <property name="Mesh"   value="Animals/Stag/STAG" />
		<property name="ModelType" value="Standard" />
        <property name="Prefab" value="NPC" />
        <property name="Class"  value="EntityAnimalStag" />
        <property name="Parent" value="Animals" />
        <property name="AvatarController" value="GameObjectAnimalAnimation" />
	    <property name="Weight"       value="70" />
	    <property name="RotateToGround" value="true"/>
	    <property name="CorpseBlock" value="animalGore"/>
	    <property name="CorpseBlockChance" value="1"/>
		<property name="IsEntityAnimal" value="true" />
		<property name="PhysicsBody" value="Stag" />

    <!-- AI properties -->
        <property name="AITask-1" value="Swim" />
        <property name="AITask-2" value="RunawayWhenHurt" />
        <property name="AITask-3" value="RunawayFromEntity" param1="EntityPlayer" />
        <property name="AITask-4" value="RunawayFromEntity" param1="EntityZombie" />
        <property name="AITask-5" value="Wander" />

		<property name="CanClimbLadders"     value="false" />

        <!-- General entity properties -->
        <property name="MaxHealth"    value="100" />
        <property name="MaxViewAngle" value="180" />
        <property name="WanderSpeed"   value="0.7" />
        <property name="PanicSpeed"    value="2.0" />

        <!-- This decides on the particle effect played on hit -->
        <property name="SurfaceCategory"    value="organic" />
	    <property name="ParticleOnDeath" value="blood_death" />
        <property name="SoundHurt"    value="Animals/stagpain" />
        <property name="SoundDeath"   value="Animals/stagdeath" />
        <property name="LootListOnDeath"  value="12" />
	    <property name="TimeStayAfterDeath" value="90" />

    <!-- Set this if you want this entity to be spawned when user chooses 'enemy entities off' -->
	    <property name="IsEnemyEntity"   value="false" />

		<property name="ExperienceGain" value="150"/>
    </entity_class>

    <entity_class name="animalBear">

    <!-- Mesh and class properties -->
        <property name="Mesh"   value="Animals/Bear/BEAR" />
		<property name="ModelType" value="Standard" />
        <property name="Prefab" value="NPC" />
        <property name="Class"  value="EntityAnimalBear" />
        <property name="Parent" value="Animals" />
        <property name="AvatarController" value="GameObjectAnimalAnimation" />
	    <property name="Weight"       value="300" />
	    <property name="RotateToGround" value="true"/>
	    <property name="CorpseBlock" value="animalGore"/>
	    <property name="CorpseBlockChance" value="1"/>
		<property name="IsEntityAnimal" value="true" />
		<property name="PhysicsBody" value="bear" />
		<property name="HandItem"             value="handBear" />

    <!-- AI properties -->
        <property name="AITask-1" value="BreakDoor" />
        <property name="AITask-2" value="BreakBlock" />
        <property name="AITask-3" value="Territorial" param1="10" />
        <property name="AITask-4" value="ApproachAndAttackTarget" param1="EntityAnimalStag" />
        <property name="AITask-5" value="ApproachAndAttackTarget" param1="EntityPlayer" param2="18"/> <!-- give up time -->
        <property name="AITask-6" value="ApproachAndAttackTarget" param1="EntityZombie" param2="18"/> <!-- give up time -->
        <property name="AITask-7" value="ApproachSpot" />
	    <property name="AITask-8" value="Wander" />


        <property name="AITarget-1" value="SetAsTargetIfHurt" param1="EntityPlayer" />
		<property name="AITarget-2" value="BlockingTargetTask" />
        <property name="AITarget-3" value="SetNearestEntityAsTarget" param1="EntityAnimalStag" />
        <property name="AITarget-4" value="SetNearestEntityAsTarget" param1="EntityPlayer" />
        <property name="AITarget-5" value="SetNearestEntityAsTarget" param1="EntityZombie" />


		<property name="CanClimbLadders"     value="false" />

        <!-- General entity properties -->
        <property name="MaxHealth"    value="900" />
        <property name="MaxViewAngle" value="180" />
        <property name="WanderSpeed"   value="0.25" />
        <property name="PanicSpeed"    value="2.0" />

        <!-- This decides on the particle effect played on hit -->
        <property name="SurfaceCategory"    value="organic" />
	    <property name="ParticleOnDeath" value="blood_death" />
        <property name="SoundHurt"    value="Animals/Bear/bearpain" />
        <property name="SoundDeath"   value="Animals/Bear/beardeath" />
        <property name="SoundRandom"     value="Animals/Bear/bearroam" />
        <property name="SoundAlert"      value="Animals/Bear/bearalert" />
        <property name="SoundAttack"  value="Animals/Bear/bearattack" />
        <property name="SoundSense"  value="Animals/Bear/bearsense" />
        <property name="SoundGiveUp"  value="Animals/Bear/beargiveup" />
        <property name="SoundFootstepModifier"  value="Animals/Bear/bear_footstep" />
        <property name="LootListOnDeath"  value="65" />
	    <property name="TimeStayAfterDeath" value="90" />

    <!-- Set this if you want this entity to be spawned when user chooses 'enemy entities off' -->
	    <property name="IsEnemyEntity"   value="true" />

		<property name="ExperienceGain" value="150"/>
    </entity_class>

    <entity_class name="animalRabbit"  extends="animalStag">
        <property name="Mesh"   value="Animals/Rabbit/RABBIT" />
        <property name="Prefab" value="NPC" />
        <property name="Class"  value="EntityAnimalRabbit" />
        <property name="Parent" value="Animals" />
        <property name="Weight"       value="10" />
        <property name="MaxHealth"    value="10" />
        <property name="PhysicsBody" value="rabbit" />

        <property name="SoundHurt"    value="Animals/rabbitpain" />
        <property name="SoundDeath"   value="Animals/rabbitdeath" />
        <property name="PanicSpeed"    value="1.5" />
	    <property name="LootListOnDeath"  value="13" />
	    <property name="TimeStayAfterDeath" value="90" />
	    <property name="CorpseBlockChance" value="0"/>

		<property name="ExperienceGain" value="150"/>
    </entity_class>

    <entity_class name="animalPig"  extends="animalStag">
        <property name="Mesh"   value="Animals/Pig/PIG" />
        <property name="Prefab" value="NPC" />
        <property name="Class"  value="EntityAnimalStag" />
        <property name="Parent" value="Animals" />
        <property name="Weight"       value="70" />
        <property name="MaxHealth"    value="100" />

        <property name="SoundHurt"    value="Animals/pigpain" />
        <property name="SoundDeath"   value="Animals/pigdeath" />
	    <property name="LootListOnDeath"  value="18" />
	    <property name="TimeStayAfterDeath" value="90" />
        <property name="PanicSpeed"    value="1.2" />
		<property name="PhysicsBody" value="pig" />
		<property name="ExperienceGain" value="150"/>
    </entity_class>

    <!-- Supply Plane -->
    <entity_class name="supplyPlane">

    	<property name="Mesh"   		value="SupplyPlane/prefabC46" />
		<property name="ModelType" 		value="Standard" />
		<property name="RagdollEnabled" value="false" />
        <property name="Prefab" 		value="SupplyPlane" />
        <property name="Class"  		value="EntitySupplyPlane" />
        <property name="Parent" 		value="SupplyCrates" />

     <!-- Life stats -->
        <property name="MaxHealth"    value="200" />
        <property name="Weight"       value="100" />

     <!-- This decides on the particle effect played on hit -->
        <property name="SurfaceCategory"  value="wood" />

	    <property name="ParticleOnDeath" value="supply_crate_gib_Prefab" />

     <!-- Loot -->
	    <property name="TimeStayAfterDeath" value="0" />
    </entity_class>

    <!-- Supply crates -->

    <entity_class name="sc_General">
        <property name="Mesh"   		value="SupplyCrate/SupplyCrateEntityPrefab" />
		<property name="ModelType" value="SupplyCrate" />
		<property name="RagdollEnabled" value="false" />
        <property name="Prefab" 		value="SupplyCrate" />
        <property name="Class"  		value="EntitySupplyCrate" />
        <property name="Parent" 		value="SupplyCrates" />

     <!-- Life stats -->
        <property name="MaxHealth"    value="200" />
        <property name="Weight"       value="100" />

     <!-- This decides on the particle effect played on hit -->
        <property name="SurfaceCategory"  value="wood" />

	    <property name="ParticleOnDeath" value="supply_crate_gib_Prefab" />

     <!-- Loot -->
	    <property name="LootListAlive"   value="34" />
        <property name="LootListAliveMP"   value="34" />
	    <property name="IsEnemyEntity"   value="false" />

        <property name="SoundParachuteOpen" value="SupplyDrops/Parachute_Opens" />
        <property name="SoundLanding"    value="SupplyDrops/Supply_Crate_Land" />

	    <property name="TimeStayAfterDeath" value="0" />
<property name="SkinTexture"	value="SupplyCrate/supply_crate_general" />
		<!-- If set this entity shows on the map -->
	    <!-- <property name="MapIcon"   		 value="map_supply_crate" /> -->
    </entity_class>






    <!--entity_class name="driveablecar">
        <property name="Mesh"   value="Vehicles/car03_blue_dmg0_Prefab" />
		<property name="ModelType" value="Custom" />
        <property name="Prefab" value="Car" />
        <property name="Class"  value="EntityDriveableCar" />
        <property name="Parent" value="Cars" />

        <property name="MaxHealth"    value="1000" />
        <property name="Weight"       value="1200" />

        <property name="SurfaceCategory"  value="metal" />

	    <property name="LootListAlive"   value="19" />

	    <property name="IsEnemyEntity"   value="false" />

        <property name="Explosion.ParticleIndex"   value="6" />
        <property name="Explosion.RadiusBlocks"    value="6" />
        <property name="Explosion.RadiusEntities"  value="6" />
    </entity_class-->

	<entity_class name="zombieUMAfemale" >

	<!-- This one decides for scoring -->
        <property name="EntityType" value="Zombie" />

        <!-- Mesh and class properties -->
        <property name="Mesh"   value="Zombies/zombie04Ragdoll" />
		<property name="RagdollEnabled" value="true" />
        <property name="Prefab" value="NPC" />
        <property name="Class"  value="EntityZombie" />
        <property name="Parent" value="Enemies" />

		<property name="IsEnemyEntity"   	value="true" />

        <!-- AI properties -->
        <property name="AITask-1" value="BreakDoor" />
        <property name="AITask-2" value="BreakBlock" />
        <property name="AITask-3" value="Territorial" param1="10" />
        <property name="AITask-4" value="ApproachAndAttackTarget" param1="EntityPlayer" />
        <property name="AITask-5" value="ApproachAndAttackTarget" param1="EntityAnimalStag" />
        <property name="AITask-6" value="ApproachSpot" />
	      <property name="AITask-7" value="Wander" />

        <property name="AITarget-1" value="SetAsTargetIfHurt" param1="EntityPlayer" />
        <property name="AITarget-2" value="SetNearestEntityAsTarget" param1="EntityPlayer" />
        <property name="AITarget-3" value="SetNearestEntityAsTarget" param1="EntityAnimalStag" />

        <!-- General entity properties -->
        <property name="MaxHealth"    value="100" />
        <property name="MaxViewAngle" value="180" />
        <property name="HandItem"     value="handZombie" />
        <property name="Weight"       value="70" />
		    <property name="Immunity"     value="sickness;disease;bleeding;wellness" />

        <property name="WanderSpeed"        value="0.08" />
        <property name="ApproachSpeed"      value="0.2" />
        <property name="NightWanderSpeed"   value="0.08" />
        <property name="NightApproachSpeed" value="1.1" />
        <property name="PanicSpeed"         value="0.55" />

	    <property name="CanClimbLadders"     value="true" />

        <!-- This decides on the particle effect played on hit -->
        <property name="SurfaceCategory"    value="organic" />

        <property name="WalkType"      value="0" />

	      <property name="ParticleOnDeath" value="blood_death" />

        <property name="SoundRandomTime" value="60.0" /> <!-- It will play the roam every 60/30 seconds -->
        <property name="SoundRandom"     value="Enemies/Base_Zombie_Male/zombiemaleroam" />
        <property name="SoundAlertTime" value="25.0" /> <!-- It will play the roam every 25/12.5 seconds-->
        <property name="SoundAlert"     value="Enemies/Base_Zombie_Male/zombiemalealert" />
	      <property name="SoundSense"  value="Enemies/Base_Zombie_Male/zombiemalesense" />
        <property name="SoundHurt"    value="Enemies/Base_Zombie_Male/zombiemalepain" />
        <property name="SoundDeath"   value="Enemies/Base_Zombie_Male/zombiemaledeath" />
        <property name="SoundAttack"  value="Enemies/Base_Zombie_Male/zombiemaleattack" />

        <property name="TimeStayAfterDeath" value="90" />

        <property name="AttackTimeoutDay" value="1.5" />    <!-- in s -->
        <property name="AttackTimeoutNight" value="1.1" />

	    <property name="LootListOnDeath"  value="15" />

	    <property name="CorpseBlock" value="GoreBlock1Prefab"/>
	    <property name="CorpseBlockChance" value="1"/>

        <property name="Mesh"   value="Zombies/zombie04Ragdoll" />
		<property name="ModelType" value="ZombieUMA" />
		<property name="RagdollEnabled" value="true" />
        <property name="Prefab" value="NPC" />
        <property name="Class"  value="EntityZombie" />
        <property name="Parent" value="Enemies" />
        <property name="AvatarController" value="AvatarZombieUMAController" />

		<property name="Mesh"   value="Zombies/zombie05Ragdoll" />
        <property name="WalkType"  value="3" />
        <property name="WanderSpeed"        value="0.08" />
        <property name="ApproachSpeed"      value="0.33" />
        <property name="NightWanderSpeed"   value="0.08" />

		<property name="UMA.EquipmentSlot.Head" value="0" param1="female_base_face" param2="female_head" />
		<property name="UMA.EquipmentSlot.Eyes" value="0" param1="female_base_eyes" param2="unisex_eyes" />
		<property name="UMA.EquipmentSlot.Face" value="0" param1="female_base_eyelashes" param2="female_eyelashes" />
		<property name="UMA.EquipmentSlot.Hands" value="0" param1="female_base_hands" param2="female_hands" />
		<property name="UMA.EquipmentSlot.Hair" value="1" param1="female_base_hair" param2="female_hair_01" />

		<property name="UMA.EquipmentSlot.Chest" value="0" param1="female_base_chest" param2="female_torso" />
		<property name="UMA.EquipmentSlot.Legs" value="0" param1="female_base_legs" param2="female_torso" />
		<property name="UMA.EquipmentSlot.Feet" value="0" param1="female_base_feet" param2="female_feet" />

		<property name="ExperienceGain" value="120"/>
    </entity_class>

	<entity_class name="zombieUMAmale" extends="zombieUMAfemale" >

		<property name="UMA.EquipmentSlot.Head" value="0" param1="male_base_face" param2="male_head" />
		<property name="UMA.EquipmentSlot.Eyes" value="0" param1="male_base_eyes" param2="unisex_eyes" />
		<property name="UMA.EquipmentSlot.Hands" value="0" param1="male_base_hands" param2="male_hands" />
		<property name="UMA.EquipmentSlot.Hair" value="1" param1="male_base_hair" param2="male_base_hair" />

		<property name="UMA.EquipmentSlot.Chest" value="0" param1="male_base_chest" param2="male_torso" />
		<property name="UMA.EquipmentSlot.Legs" value="0" param1="male_base_legs" param2="male_torso" />
		<property name="UMA.EquipmentSlot.Feet" value="0" param1="male_base_feet" param2="male_feet" />

		<property name="ExperienceGain" value="120"/>
    </entity_class>

	<entity_class name="minibike">
		<property name="ModelType" value="Standard" />
        <property name="Class"  value="EntityDriveable" />
        <property name="Parent" value="Cars" />
		<property name="Prefab" value="Minibike" />
		<property name="MaxHealth"    value="1000000" />
        <property name="SurfaceCategory"  value="metal" />
		<property name="IgnoreTrigger" value="true" />

	    <property name="LootListAlive"   value="62" />

	    <property name="IsEnemyEntity"   value="false" />

        <property name="Explosion.ParticleIndex"   value="6" />
        <property name="Explosion.RadiusBlocks"    value="6" />
        <property name="Explosion.RadiusEntities"  value="6" />
    </entity_class>


    <!-- Start LT Mod -->

    <entity_class name="GhostBear">

    <!-- Mesh and class properties -->
        <property name="Mesh"   value="Animals/Bear/BEAR" />
    <property name="ModelType" value="Standard" />
        <property name="Prefab" value="NPC" />
        <property name="Class"  value="EntityAnimalBear" />
        <property name="Parent" value="Animals" />
        <property name="AvatarController" value="GameObjectAnimalAnimation" />
      <property name="Weight"       value="300" />
      <property name="RotateToGround" value="true"/>
      <property name="CorpseBlock" value="animalGore"/>
      <property name="CorpseBlockChance" value="1"/>
    <property name="IsEntityAnimal" value="true" />
    <property name="PhysicsBody" value="bear" />
    <property name="HandItem"             value="handBear2" />

    <!-- AI properties -->
        <property name="AITask-1" value="BreakDoor" />
        <property name="AITask-2" value="BreakBlock" />
        <property name="AITask-3" value="Territorial" param1="10" />
        <property name="AITask-4" value="ApproachAndAttackTarget" param1="EntityAnimalStag" />
        <property name="AITask-5" value="ApproachAndAttackTarget" param1="EntityPlayer" param2="18"/> <!-- give up time -->
        <property name="AITask-6" value="ApproachAndAttackTarget" param1="EntityZombie" param2="18"/> <!-- give up time -->
        <property name="AITask-7" value="ApproachSpot" />
      <property name="AITask-8" value="Wander" />


        <property name="AITarget-1" value="SetAsTargetIfHurt" param1="EntityPlayer" />
    <property name="AITarget-2" value="BlockingTargetTask" />
        <property name="AITarget-3" value="SetNearestEntityAsTarget" param1="EntityAnimalStag" />
        <property name="AITarget-4" value="SetNearestEntityAsTarget" param1="EntityPlayer" />
        <property name="AITarget-5" value="SetNearestEntityAsTarget" param1="EntityZombie" />


    <property name="CanClimbLadders"     value="false" />

        <!-- General entity properties -->
        <property name="MaxHealth"    value="5000" />
        <property name="MaxViewAngle" value="180" />
        <property name="WanderSpeed"   value="0.35" />
        <property name="ApproachSpeed"      value="1.2" />
        <property name="NightWanderSpeed"   value="0.58" />
        <property name="NightApproachSpeed" value="1.4" />
        <property name="PanicSpeed"    value="2.0" />

        <!-- This decides on the particle effect played on hit -->
        <property name="SurfaceCategory"    value="organic" />
      <property name="ParticleOnDeath" value="blood_death" />
        <property name="SoundHurt"    value="Animals/Bear/bearpain" />
        <property name="SoundDeath"   value="Animals/Bear/beardeath" />
        <property name="SoundRandom"     value="Animals/Bear/bearroam" />
        <property name="SoundAlert"      value="Animals/Bear/bearalert" />
        <property name="SoundAttack"  value="Animals/Bear/bearattack" />
        <property name="SoundSense"  value="Animals/Bear/bearsense" />
        <property name="SoundGiveUp"  value="Animals/Bear/beargiveup" />
        <property name="SoundFootstepModifier"  value="Animals/Bear/bear_footstep" />
        <property name="LootListOnDeath"  value="65" />
      <property name="TimeStayAfterDeath" value="90" />

    <!-- Set this if you want this entity to be spawned when user chooses 'enemy entities off' -->
      <property name="IsEnemyEntity"   value="true" />

    <property name="ExperienceGain" value="150"/>
    </entity_class>

    <!-- Start LT Zombies -->

	<entity_class name="Hellhound" extends="zombie04">
        <property name="Mesh"   value="Zombies/zombieDogPrefab" />
        <property name="ModelType" value="Standard" />
        <property name="Prefab" value="Dog" />
  	    <property name="WalkType"  value="0" />
		<!-- <property name="RightHandJointName"   value="head" /> -->
		<!-- <property name="AITask-3" value="RangedAttackTarget" param1="1" param2="5" /> -->
  	    <property name="HandItem"  value="hellhoundbite" />
        <property name="Class"  value="EntityZombieDog" />
        <property name="AvatarController" value="AvatarZombieDogController" />
  	    <property name="WanderSpeed"        value="0.5" />
        <property name="ApproachSpeed"      value="1.4" />
        <property name="NightWanderSpeed"   value="0.3" />
        <property name="NightApproachSpeed" value="1.6" />
        <property name="PanicSpeed"         value="1.6" />
  	    <property name="CanClimbLadders"     value="false" />
  	    <property name="RotateToGround" value="true"/>
        <property name="MaxHealth"    value="2200" />
		<property name="SurfaceCategory"    value="metal" />
	      <property name="SoundRandomTime" value="55.0" />
        <property name="SoundAlertTime" value="35.0" />
        <property name="SoundRandom"     value="Enemies/Zombie_Dogs/zombiedogroam" />
        <property name="SoundAlert"     value="Enemies/Zombie_Dogs/zombiedogalert" />
        <property name="SoundHurt"    value="" />
        <property name="SoundDeath"   value="Enemies/Zombie_Dogs/zombiedogdeath" />
        <property name="SoundAttack"  value="Enemies/Zombie_Dogs/zombiedogattack" />
        <property name="SoundSense"  value="Enemies/Zombie_Dogs/zombiedogsense" />
        <property name="SoundGiveUp"  value="Enemies/Zombie_Dogs/zombiedoggiveup" />
       	<property name="LootListOnDeath"  value="61" />
    		<property name="ParticleOnDeath" value="p_onFire" />
    		<property name="ExperienceGain" value="300"/>
    		<property name="AITask-4" value="ApproachAndAttackTarget" param1="EntityPlayer" param2="30" /> <!-- give up time -->
        <property name="PhysicsBody" value="zombieDog" />
    </entity_class>

	<entity_class name="Zrabbit"  extends="animalStag">
        <property name="Mesh"   value="Animals/Rabbit/RABBIT" />
        <property name="Prefab" value="NPC" />
        <property name="Class"  value="EntityAnimalRabbit" />
		    <property name="CanClimbVertical"  value="true" />
        <property name="Parent" value="Animals" />
        <property name="HandItem"             value="zrabbitAttack" />
        <property name="AITask-1" value="Swim" />
        <property name="AITask-2" value="BreakDoor" />
        <property name="AITask-3" value="BreakBlock" />
        <property name="AITask-4" value="Territorial" param1="7" />
        <property name="AITask-5" value="ApproachAndAttackTarget" param1="EntityPlayer" />
        <property name="AITask-6" value="Wander" />
        <property name="AITarget-1" value="SetAsTargetIfHurt" param1="EntityPlayer" />
        <property name="AITarget-2" value="SetNearestEntityAsTarget" param1="EntityPlayer" />
        <property name="Weight"       value="10" />
        <property name="MaxHealth"    value="15" />
        <property name="PhysicsBody" value="rabbit" />
        <property name="SoundHurt"    value="Animals/rabbitpain" />
        <property name="SoundDeath"   value="Animals/rabbitdeath" />
        <property name="PanicSpeed"    value="1.5" />
        <property name="LootListOnDeath"  value="15" />
        <property name="TimeStayAfterDeath" value="90" />
        <property name="CorpseBlockChance" value="0"/>
		<property name="ExperienceGain" value="50"/>
    </entity_class>

	<entity_class name="Boar"  extends="animalStag">
        <property name="Mesh"   value="Animals/boar/boar" />
        <property name="Prefab" value="NPC" />
        <property name="Class"  value="EntityAnimalStag" />
		    <property name="HandItem"             value="boarAttack" />
        <property name="Parent" value="Animals" />
        <property name="AITask-1" value="Swim" />
        <property name="AITask-2" value="BreakDoor" />
        <property name="AITask-3" value="BreakBlock" />
        <property name="AITask-4" value="Territorial" param1="10" />
        <property name="AITask-5" value="ApproachAndAttackTarget" param1="EntityPlayer" />
        <property name="AITask-6" value="Wander" />
        <property name="AITarget-1" value="SetAsTargetIfHurt" param1="EntityPlayer" />
        <property name="AITarget-2" value="SetNearestEntityAsTarget" param1="EntityPlayer" />
		<property name="AITarget-3" value="SetAsTargetIfHurt" param1="EntityZombie" />
        <property name="Weight"       value="100" />
        <property name="MaxHealth"    value="150" />
		<property name="SoundFootstepModifier"  value="Player_Male/player1painlg" />
		<property name="SoundAlert"     value="Animals/pigdeath" />
		<property name="SoundAttack"     value="Animals/pigdeath" />
        <property name="SoundRandom"     value="Animals/pigdeath" />
        <property name="SoundHurt"    value="Animals/pigpain" />
        <property name="SoundDeath"   value="Animals/pigdeath" />
        <property name="LootListOnDeath"  value="39" />
        <property name="TimeStayAfterDeath" value="90" />
		    <property name="ApproachSpeed"      value="1.0" />
        <property name="PanicSpeed"    value="1.2" />
		    <property name="ExperienceGain" value="100"/>
    </entity_class>

    <entity_class name="RaZorBack"  extends="animalStag">
          <property name="Mesh"   value="Animals/boar/boar" />
          <property name="Prefab" value="NPC" />
          <property name="Class"  value="EntityAnimalStag" />
          <property name="HandItem"             value="boarAttack" />
          <property name="Parent" value="Animals" />
          <property name="AITask-1" value="Swim" />
          <property name="AITask-2" value="BreakDoor" />
          <property name="AITask-3" value="BreakBlock" />
          <property name="AITask-4" value="Territorial" param1="10" />
          <property name="AITask-5" value="ApproachAndAttackTarget" param1="EntityPlayer" />
          <property name="AITask-6" value="Wander" />
          <property name="AITarget-1" value="SetAsTargetIfHurt" param1="EntityPlayer" />
          <property name="AITarget-2" value="SetNearestEntityAsTarget" param1="EntityPlayer" />
      <property name="AITarget-3" value="SetAsTargetIfHurt" param1="EntityZombie" />
          <property name="Weight"       value="100" />
          <property name="MaxHealth"    value="350" />
      <property name="SoundFootstepModifier"  value="Player_Male/player1painlg" />
      <property name="SoundAlert"     value="Animals/pigdeath" />
      <property name="SoundAttack"     value="Animals/pigdeath" />
          <property name="SoundRandom"     value="Animals/pigdeath" />
          <property name="SoundHurt"    value="Animals/pigpain" />
          <property name="SoundDeath"   value="Animals/pigdeath" />
          <property name="LootListOnDeath"  value="39" />
          <property name="TimeStayAfterDeath" value="90" />
          <property name="ApproachSpeed"      value="1.2" />
          <property name="PanicSpeed"    value="1.4" />
          <property name="ExperienceGain" value="300"/>
      </entity_class>

	<entity_class name="zombieripper" extends="zombie04">
        <property name="Mesh"   value="Zombies/spiderzombieRagdoll" />
	      <property name="CanClimbVertical"  value="true" />
        <property name="WalkType"  value="5" />
	      <property name="SoundRandom"     value="Enemies/Spider_Zombie/spiderroam" />
        <property name="SoundAlert"     value="Enemies/Spider_Zombie/spideralert" />
	      <property name="SoundAttack"  value="Enemies/Spider_Zombie/spiderattack" />
	      <property name="SoundDeath"   value="Enemies/Spider_Zombie/spiderdeath" />
	      <property name="SoundHurt"    value="Enemies/Spider_Zombie/spiderpain" />
	      <property name="MaxHealth"    value="800" />
        <property name="HandItem"             value="xAttack2" />
        <property name="WanderSpeed"        value="0.08" />
        <property name="ApproachSpeed"      value="0.95" />
        <property name="NightWanderSpeed"   value="0.08" />
        <property name="NightApproachSpeed" value="1.2" />
        <property name="PanicSpeed"         value="1.4" />
    		<property name="LootListOnDeath"  value="61" />
    		<property name="ExperienceGain" value="250"/>
    </entity_class>

	<entity_class name="nurseBetty" extends="zombie04">
        <property name="Mesh"   value="Zombies/zombiegal01Ragdoll" />
  	    <property name="LootListOnDeath"  value="61" />
  	    <property name="SoundRandom"     value="Enemies/Base_Zombie_Female/zombiefemaleroam" />
  	    <property name="SoundAlert"     value="Enemies/Base_Zombie_Female/zombiefemalealert" />
  	    <property name="SoundAttack"     value="Enemies/Base_Zombie_Female/zombiefemaleattack" />
  	    <property name="SoundHurt"     value="Enemies/Base_Zombie_Female/zombiefemalepain" />
  	    <property name="SoundDeath"   value="Enemies/Base_Zombie_Female/zombiefemaledeath" />
        <property name="SoundSense"  value="Enemies/Base_Zombie_Female/zombiefemalesense" />
    		<property name="MaxHealth"    value="600" />
        <property name="HandItem"             value="xAttack" />
        <property name="WanderSpeed"        value="0.08" />
        <property name="ApproachSpeed"      value="0.6" />
        <property name="NightWanderSpeed"   value="0.08" />
        <property name="NightApproachSpeed" value="1.1" />
        <property name="PanicSpeed"         value="1.2" />
  		  <property name="ExperienceGain" value="150"/>
    </entity_class>

	<entity_class name="Ruby" extends="zombie04">
        <property name="Mesh"   value="Zombies/zombiegal03Ragdoll" />
  	    <property name="MaxHealth"    value="400" />
        <property name="HandItem"             value="xAttack" />
  	    <property name="NightApproachSpeed" value="1.1" />
  	    <property name="SoundRandom"     value="Enemies/Base_Zombie_Female/zombiefemaleroam" />
  	    <property name="SoundAlert"     value="Enemies/Base_Zombie_Female/zombiefemalealert" />
  	    <property name="SoundAttack"     value="Enemies/Base_Zombie_Female/zombiefemaleattack" />
  	    <property name="SoundHurt"     value="Enemies/Base_Zombie_Female/zombiefemalepain" />
  	    <property name="SoundDeath"   value="Enemies/Base_Zombie_Female/zombiefemaledeath" />
        <property name="SoundSense"  value="Enemies/Base_Zombie_Female/zombiefemalesense" />
		    <property name="WanderSpeed"        value="0.20" />
        <property name="ApproachSpeed"      value="0.7" />
        <property name="NightWanderSpeed"   value="0.08" />
        <property name="NightApproachSpeed" value="1.1" />
        <property name="PanicSpeed"         value="1.1" />
    		<property name="ExperienceGain" value="90"/>
    		<property name="LootListOnDeath"  value="61" />
    </entity_class>

    <entity_class name="Gorilla" extends="zombie04">
       <property name="Mesh"                 value="Zombies/FatZombieCopRagdoll" />
<!--         <property name="Class"             value="EntityZombieCop" /> -->
       <property name="CanClimbVertical"  value="true" />
       <property name="HandItem"             value="xAttack2" />
       <property name="WalkType"             value="5" />
       <property name="RightHandJointName"   value="Muzzle" />
       <property name="ApproachSpeed"      value="0.9" />
       <property name="NightWanderSpeed"   value="0.2" />
       <property name="NightApproachSpeed" value="1.4" />
       <property name="CanClimbLadders"     value="true" />
       <property name="AITask-1" value="Swim" />
       <property name="AITask-1" value="BreakDoor" />
       <property name="AITask-2" value="BreakBlock" />
       <property name="AITask-3" value="Territorial" param1="10" />
       <property name="AITask-4" value="ApproachAndAttackTarget" param1="EntityPlayer" />
       <property name="AITask-6" value="ApproachSpot" />
       <property name="AITask-7" value="Wander" />

       <property name="MaxHealth"    value="10000" />
       <property name="Weight"       value="300" />
       <property name="PushFactor"   value="120" />
       <property name="LootListOnDeath"  value="61" />

       <property name="SoundFootstepModifier"  value="avalanche" />
       <!-- <property name="SoundAttack"  value="Explosions/explosion6" /> -->
       <property name="SoundAttack"     value="Enemies/Acid_Puking_Hulk/hulkattack" />
       <property name="SoundRandom"     value="Enemies/Acid_Puking_Hulk/hulkroam" />
       <property name="SoundAlert"     value="Enemies/Acid_Puking_Hulk/hulkalert" />
       <property name="SoundHurt"     value="Player_Male/player1painlg" />
       <property name="SoundDeath"   value="Player_Male/player1death" />


       <!-- Attached explosion is triggered when hurt much -->
       <property name="Explosion.ParticleIndex"   value="8" />
       <property name="Explosion.RadiusBlocks"    value="3" />
       <property name="Explosion.RadiusEntities"  value="6" />
       <property name="ExperienceGain" value="550"/>
   </entity_class>

   <!-- LT ZOMBIES V2 -->
   <entity_class name="witch" extends="zombie04">
       <property name="Mesh"   value="Zombies/zombiegal02Ragdoll" />
       <property name="CanClimbVertical"  value="true" />
       <property name="WalkType"  value="5" />
       <!-- Special blood fx for witch -->
       <property name="HandItem"             value="bloodMouth" />
       <property name="RightHandJointName"   value="Bip001 Head" />
       <property name="AITask-3" value="RangedAttackTarget" param1="1" param2="5" />
       <property name="SoundRandom"     value="Enemies/Spider_Zombie/spiderroam" />
       <property name="SoundAlert"     value="Enemies/Spider_Zombie/spideralert" />
       <property name="SoundAttack"  value="Enemies/Spider_Zombie/spiderattack" />
       <property name="SoundDeath"   value="Enemies/Spider_Zombie/spiderdeath" />
       <property name="SoundHurt"    value="Enemies/Spider_Zombie/spiderpain" />
       <property name="MaxHealth"    value="700" />
       <property name="WanderSpeed"        value="0.08" />
       <property name="ApproachSpeed"      value="0.75" />
       <property name="NightWanderSpeed"   value="0.08" />
       <property name="NightApproachSpeed" value="1.2" />
       <property name="PanicSpeed"         value="1.4" />
       <property name="LootListOnDeath"  value="61" />
       <property name="ExperienceGain" value="250"/>
   </entity_class>

     <entity_class name="snowzombieboss" extends="zombie04">
       <property name="Mesh"   value="Zombies/snowzombie01Ragdoll" />
       <property name="SoundRandom"     value="Enemies/Snow_Zombie/zombiesnowroam" />
       <property name="SoundAlert"     value="Enemies/Snow_Zombie/zombiesnowalert" />
       <property name="SoundAttack"     value="Enemies/Snow_Zombie/zombiesnowattack" />
       <property name="SoundHurt"     value="Enemies/Snow_Zombie/zombiesnowpain" />
       <property name="SoundDeath"   value="Enemies/Snow_Zombie/zombiesnowdeath" />
       <property name="SoundSense"  value="Enemies/Snow_Zombie/zombiesnowsense" />
       <property name="SoundFootstepModifier"  value="Enemies/Snow_Zombie/zombiesnowfootstep" />
       <property name="HandItem"             value="handSnowZombieBoss" />
       <property name="WalkType"  value="6" />
       <property name="MaxHealth"    value="600" />
       <property name="WanderSpeed"        value="0.08" />
       <property name="ApproachSpeed"      value="0.55" />
       <property name="NightWanderSpeed"   value="0.08" />
       <property name="NightApproachSpeed" value="0.8" />
       <property name="PanicSpeed"         value="0.9" />
       <property name="LootListOnDeath"  value="61" />
       <property name="ExperienceGain" value="300"/>
   </entity_class>

     <entity_class name="shitterzombie" extends="zombie04">
         <property name="Mesh"   value="Zombies/FatZombieRagdoll" />
         <property name="Class"  			  value="EntityZombie" />
         <property name="HandItem"             value="handShitterZombie" />
         <property name="WalkType"             value="6" />
         <property name="RightHandJointName"   value="Muzzle" />
         <property name="ApproachSpeed"      value="0.6" />
         <property name="NightWanderSpeed"   value="0.1" />
         <property name="NightApproachSpeed" value="0.6" />
         <property name="CanClimbLadders"     value="false" />
         <property name="SoundRandom"     value="Enemies/Snow_Zombie/zombiesnowroam" />
         <property name="SoundAlert"     value="Enemies/Snow_Zombie/zombiesnowalert" />
         <property name="SoundAttack"     value="Enemies/Snow_Zombie/zombiesnowattack" />
         <property name="SoundHurt"     value="Enemies/Snow_Zombie/zombiesnowpain" />
         <property name="SoundDeath"   value="Enemies/Snow_Zombie/zombiesnowdeath" />
         <property name="SoundSense"  value="Enemies/Snow_Zombie/zombiesnowsense" />
         <property name="MaxHealth"    value="1200" />
         <property name="LootListOnDeath"  value="61" />
         <property name="ExperienceGain" value="200"/>
     </entity_class>

     <entity_class name="fatcrawlerzombie" extends="zombie04">
         <property name="Mesh"   value="Zombies/FatZombieRagdoll" />
         <property name="WalkType"  value="4" />
         <property name="HandItem"  value="handZombie02" />
         <property name="MaxHealth"    value="300" />
         <property name="Weight"       value="70" />
         <property name="PushFactor"   value="20" />
         <property name="ApproachSpeed"      value="0.2" />
         <property name="NightWanderSpeed"   value="0.08" />
         <property name="NightApproachSpeed" value="0.2" />
         <property name="CanClimbLadders"     value="true" />
         <property name="LootListOnDeath"  value="61" />
         <property name="ExperienceGain" value="150"/>
   </entity_class>

   <entity_class name="Whornet" extends="zombie04">
       <property name="Mesh"   value="Animals/Hornet/HornetPrefab" />
       <property name="ModelType" value="Custom" />
       <property name="Class"  value="EntityHornet" />
       <property name="Parent" value="Enemies" />
       <property name="AvatarController" value="AvatarHornetController" />
       <property name="WalkType"  value="3" />
       <property name="MaxHealth"    value="200" />
       <property name="Weight"       value="20" />
       <property name="PushFactor"   value="10" />
       <property name="ApproachSpeed"      value="1.4" />
       <property name="HandItem"     value="stingHornet" />
       <property name="AttackTimeoutDay" value="2" />    <!-- animations is so long! in s -->
       <property name="AttackTimeoutNight" value="2" />
       <property name="ParticleOnDeath" value="blood_death" />
       <property name="SoundLiving" value="Enemies/Hornets/hornetflylp"  />  <!-- this does not work so far !!! -->
       <property name="SoundRandomTime" value="60.0" />
       <property name="SoundRandom" value="Enemies/Hornets/hornetroam" />
       <property name="SoundAlertTime" value="25.0" />
       <property name="SoundAlert"     value="Enemies/Hornets/hornetalert" />
       <property name="SoundHurt"    value="Enemies/Hornets/hornetpain" />
       <property name="SoundDeath"   value="Enemies/Hornets/hornetdeath" />
       <property name="SoundAttack"  value="Enemies/Hornets/hornetattack" />
       <property name="SoundSense"  value="Enemies/Hornets/hornetsense" />
       <property name="LootListOnDeath"  value="24" />
       <property name="SpawnOnGround" value="false" />
       <property name="ExperienceGain" value="60"/>
   </entity_class>

   <!-- Extended Zombies A12 -->

     <entity_class name="fatCopBoss" extends="zombie04">
      <property name="Mesh"                 value="Zombies/FatZombieCopRagdoll" />
      <property name="Class"  			  value="EntityZombieCop" />
      <property name="HandItem"             value="xAttack3" />
      <property name="WalkType"             value="1" />
      <property name="RightHandJointName"   value="Muzzle" />
      <property name="ApproachSpeed"      value="0.4" />
      <property name="NightWanderSpeed"   value="0.4" />
      <property name="NightApproachSpeed" value="0.6" />
      <property name="CanClimbLadders"     value="false" />
      <property name="PhysicsBody" value="FatZombie" />

      <!-- AI properties -->
      <property name="AITask-1" value="BreakDoor" />
      <property name="AITask-2" value="BreakBlock" />
      <property name="AITask-3" value="RangedAttackTarget" param1="1" param2="5" />  <!-- param1: 0 == attack action, 1 == use action, param2: attack length in s -->
      <property name="AITask-4" value="ApproachAndAttackTarget" param1="EntityPlayer" />
      <property name="AITask-5" value="ApproachAndAttackTarget" param1="EntityAnimalStag" />
      <property name="AITask-6" value="ApproachSpot" />
      <property name="AITask-7" value="Wander" />

      <property name="AITarget-1" value="SetAsTargetIfHurt" param1="EntityPlayer" />
      <property name="AITarget-2" value="SetNearestEntityAsTarget" param1="EntityPlayer" />
      <property name="AITarget-3" value="SetNearestEntityAsTarget" param1="EntityAnimalStag" />

      <property name="MaxHealth"    value="3500" />
      <property name="Weight"       value="270" />
      <property name="PushFactor"   value="120" />


      <property name="SoundRandom"     value="Enemies/Acid_Puking_Hulk/hulkroam" />
      <property name="SoundAlert"     value="Enemies/Acid_Puking_Hulk/hulkalert" />
      <property name="SoundAttack"     value="Enemies/Acid_Puking_Hulk/hulkattack" />
      <property name="SoundHurt"     value="Enemies/Acid_Puking_Hulk/hulkpain" />
      <property name="SoundDeath"   value="Enemies/Acid_Puking_Hulk/hulkdeath" />
      <property name="LootListOnDeath"  value="61" />
      <property name="ExperienceGain" value="500"/>
    </entity_class>

      <entity_class name="RuleNo1" extends="zombie04">
        <!-- <property name="Mesh"                 value="Zombies/FatZombieCopRagdoll" /> -->
        <property name="Mesh"   value="Zombies/FatZombieRagdoll" />
    <!--         <property name="Class"             value="EntityZombieCop" /> -->
        <property name="PhysicsBody" value="FatZombie" />
        <property name="CanClimbVertical"  value="true" />
        <property name="HandItem"             value="xAttack3" />
        <property name="WalkType"             value="5" />
        <property name="RightHandJointName"   value="Bip001 Head" />
        <property name="ApproachSpeed"      value="0.6" />
        <property name="NightWanderSpeed"   value="0.3" />
        <property name="NightApproachSpeed" value="0.8" />
        <property name="CanClimbLadders"     value="true" />
          <property name="AITask-1" value="Swim" />
          <property name="AITask-1" value="BreakDoor" />
          <property name="AITask-2" value="BreakBlock" />
      <!-- <property name="AITask-3" value="Territorial" param1="10" /> -->
          <property name="AITask-3" value="RangedAttackTarget" param1="1" param2="5" />
          <property name="AITask-4" value="ApproachAndAttackTarget" param1="EntityPlayer" />
          <property name="AITask-6" value="ApproachSpot" />
          <property name="AITask-7" value="Wander" />

        <property name="MaxHealth"    value="4000" />
        <property name="Weight"       value="300" />
        <property name="PushFactor"   value="120" />
        <property name="LootListOnDeath"  value="61" />

        <property name="SoundRandom"     value="Enemies/Acid_Puking_Hulk/hulkroam" />
        <property name="SoundAlert"     value="Enemies/Acid_Puking_Hulk/hulkalert" />
        <property name="SoundAttack"     value="Enemies/Acid_Puking_Hulk/hulkattack" />
        <property name="SoundHurt"     value="Player_Male/player1painlg" />
        <property name="SoundDeath"   value="Enemies/Acid_Puking_Hulk/hulkdeath" />
        <property name="ExperienceGain" value="500"/>
    </entity_class>


</entity_classes>
