<?xml version="1.0" encoding="UTF-8"?>

<!--
     *** Materials definitions
     ***
     *** Attributes:
     ***  id                    - mandatory, type: string, semantic: defines name of the material to be referenced within block tags
     ***  lightopacity
     ***  hardness              - mandatory, float:, values go from 1 to infinite, hardnes="1" means one hit with current digger destroys the block
     ***  explosionresistance
     ***  collidable
     ***  movement_factor       - optional, float: if specified then this factor is applied to the movement. values < 1 slow down player. value = 1 does nothing, > 1 increases speed
     ***  plant                 - optional, bool: currently used only for farmland, if a "no plant" block is placed on top of a farmland block it turns to dirt
     ***  fertile_level         - optional, int: some plants need a certain fertile level to grow
     ***  growable              - optional, bool: a farm land block turn to dirt of no water and no "growable" block is nearby
     ***  stability_glue

     *** damage_category = wood, stone, metal, earth, glass
     *** => used to determine the damage category if an item hits this block

     *** surface_category = stone, metal, earth, cloth, wood, water, glass
     *** => used to determine the sound + effect on impact
		damage category = damage bonus from items.xml so this is used for bonus damage.

		An example for block hit points is if it has a hardness of 1 and the tool does 1 block damage, it takes 10 hits to destroy the block, in other words a block has 10 hit points.

	* DEFAULT SURFACE FRICTION = 0.454
-->

<materials>
   <material id="air">
      <property name="collidable" value="false" />
      <property name="lightopacity" value="0" />
   </material>
   <material id="water">
      <property name="damage_category" value="water" />
      <property name="surface_category" value="water" />
      <property name="liquid" value="true" />
      <property name="collidable" value="false" />
      <property name="stepsound" value="water" />
      <property name="lightopacity" value="3" />
      <property name="stability_glue" value="0" />
      <property name="movement_factor" value="0.9" />
      <property name="Mass" type="int" value="0" />
   </material>
   <!-- *** All fertile ground materials -->
   <material id="grass">
      <property name="damage_category" value="earth" />
      <property name="surface_category" value="earth" />
      <property name="particle_category" value="stone" />
      <property name="Hardness" type="float" value="2.5" />
      <property name="stepsound" value="grass" />
      <property name="fertile_level" value="2" />
      <property name="stability_glue" value="2" />
   </material>
   <material id="organic">
      <property name="damage_category" value="organic" />
      <property name="surface_category" value="organic" />
      <property name="particle_category" value="organic" />
      <property name="Hardness" type="float" value="0.3" />
      <property name="stepsound" value="organic" />
      <property name="fertile_level" value="1" />
      <property name="stability_glue" value="0" />
      <property name="movement_factor" value="0.5" />
      <property name="StabilitySupport" value="true" />
   </material>
   <!-- was 0.6 hardness -->
   <material id="dirt">
      <property name="damage_category" value="earth" />
      <property name="surface_category" value="earth" />
      <property name="Hardness" type="float" value="2.5" />
      <property name="stepsound" value="dirt" />
      <property name="fertile_level" value="2" />
      <property name="stability_glue" value="20" />
      <property name="Mass" type="int" value="10" />
   </material>
   <material id="sod">
      <property name="damage_category" value="earth" />
      <property name="surface_category" value="earth" />
      <property name="Hardness" type="float" value="3.5" />
      <property name="stepsound" value="dirt" />
      <property name="fertile_level" value="2" />
      <property name="stability_glue" value="40" />
      <property name="Mass" type="int" value="10" />
   </material>
   <material id="forestGround">
      <property name="damage_category" value="earth" />
      <property name="surface_category" value="earth" />
      <property name="Hardness" type="float" value="2.5" />
      <property name="stepsound" value="leaves" />
      <property name="fertile_level" value="2" />
      <property name="stability_glue" value="20" />
      <property name="Mass" type="int" value="10" />
   </material>
   <material id="farmland">
      <property name="damage_category" value="earth" />
      <property name="surface_category" value="earth" />
      <property name="Hardness" type="float" value="2.5" />
      <property name="stepsound" value="dirt" />
      <property name="fertile_level" value="5" />
      <property name="stability_glue" value="20" />
      <property name="Mass" type="int" value="10" />
   </material>
   <!-- *** All plants -->
   <material id="plants">
      <property name="damage_category" value="wood" />
      <property name="surface_category" value="plant" />
      <property name="particle_category" value="cloth" />
      <property name="Hardness" type="float" value="0.5" />
      <property name="stepsound" value="leaves" />
      <property name="lightopacity" value="1" />
      <property name="stability_glue" value="0" />
      <property name="Mass" type="int" value="1" />
      <property name="plant" value="true" />
      <property name="StabilitySupport" value="false" />
   </material>
   <material id="corn">
      <property name="damage_category" value="wood" />
      <property name="surface_category" value="plant" />
      <property name="particle_category" value="cloth" />
      <property name="Hardness" type="float" value="0.5" />
      <property name="stepsound" value="leaves" />
      <property name="lightopacity" value="1" />
      <property name="collidable" value="false" />
      <property name="stability_glue" value="0" />
      <property name="Mass" type="int" value="1" />
      <property name="movement_factor" value="0.9" />
      <property name="plant" value="true" />
   </material>
   <material id="leaves">
      <property name="damage_category" value="earth" />
      <property name="surface_category" value="plant" />
      <property name="particle_destroy_category" value="xt_leaves2" />
      <property name="Hardness" type="float" value="0.1" />
      <property name="stepsound" value="tree" />
      <property name="lightopacity" value="5" />
      <property name="stability_glue" value="3" />
      <property name="Mass" type="int" value="0" />
      <property name="plant" value="true" />
      <property name="StabilitySupport" value="false" />
   </material>
   <material id="cactus">
      <property name="damage_category" value="wood" />
      <property name="surface_category" value="plant" />
      <property name="particle_category" value="wood" />
      <property name="Hardness" type="float" value="1.5" />
      <property name="stepsound" value="leaves" />
      <property name="lightopacity" value="1" />
      <property name="plant" value="true" />
      <property name="stability_glue" value="3" />
      <property name="Mass" type="int" value="1" />
      <property name="StabilitySupport" value="true" />
   </material>
   <material id="tallgrass">
      <property name="damage_category" value="earth" />
      <property name="surface_category" value="plant" />
      <property name="particle_category" value="xt_tallgrass" />
      <property name="particle_destroy_category" value="xt_tallgrass" />
      <property name="Hardness" type="float" value="0.1" />
      <property name="stepsound" value="grass" />
      <property name="collidable" value="false" />
      <property name="ground_cover" value="true" />
      <property name="lightopacity" value="0" />
      <property name="plant" value="true" />
      <property name="stability_glue" value="0" />
      <property name="Mass" type="int" value="1" />
      <property name="StabilitySupport" value="false" />
   </material>
   <!-- *** All hard surfaces -->
   <material id="bridge_asphalt">
      <property name="damage_category" value="stone" />
      <property name="surface_category" value="stone" />
      <property name="Hardness" type="float" value="3" />
      <property name="stepsound" value="stone" />
      <property name="stability_glue" value="300" />
      <property name="Mass" type="int" value="12" />
   </material>
   <material id="bridge_metal">
      <property name="damage_category" value="metal" />
      <property name="surface_category" value="metal" />
      <property name="forge_category" value="iron" />
      <property name="Hardness" type="float" value="5" />
      <property name="stepsound" value="metal" />
      <property name="stability_glue" value="400" />
      <property name="Mass" type="int" value="12" />
   </material>
   <material id="bridge_concrete">
      <property name="damage_category" value="stone" />
      <property name="surface_category" value="stone" />
      <property name="Hardness" type="float" value="5.0" />
      <property name="stepsound" value="stone" />
      <property name="stability_glue" value="240" />
      <property name="Mass" type="int" value="12" />
   </material>
   <material id="bridge_wood">
      <property name="damage_category" value="wood" />
      <property name="surface_category" value="wood" />
      <property name="Hardness" type="float" value="0.75" />
      <property name="stepsound" value="wood" />
      <property name="stability_glue" value="160" />
      <property name="Mass" type="int" value="6" />
   </material>
   <material id="gravel">
      <property name="damage_category" value="earth" />
      <property name="surface_category" value="stone" />
      <property name="forge_category" value="stone" />
      <property name="Hardness" type="float" value="1.5" />
      <property name="stepsound" value="gravel" />
      <property name="stability_glue" value="0" />
      <property name="Mass" type="int" value="10" />
   </material>
   <material id="rubble">
      <property name="damage_category" value="stone" />
      <property name="surface_category" value="stone" />
      <property name="forge_category" value="stone" />
      <property name="Hardness" type="float" value="1.5" />
      <property name="stepsound" value="gravel" />
      <property name="fertile_level" value="1" />
      <property name="stability_glue" value="1" />
      <property name="Mass" type="int" value="12" />
   </material>
   <!-- hardness was 3.0 -->
   <material id="stone">
      <property name="damage_category" value="stone" />
      <property name="surface_category" value="stone" />
      <property name="forge_category" value="stone" />
      <property name="Hardness" type="float" value="5" />
      <property name="stepsound" value="stone" />
      <property name="stability_glue" value="72" />
      <property name="Mass" type="int" value="12" />
   </material>
   <!-- cobblestone and concrete -->
   <material id="concrete">
      <property name="damage_category" value="stone" />
      <property name="surface_category" value="stone" />
      <property name="Hardness" type="float" value="12.0" />
      <property name="stepsound" value="stone" />
      <property name="stability_glue" value="90" />
      <property name="Mass" type="int" value="15" />
      <property name="explosionresistance" value=".25" />
   </material>
   <!-- has more explosion resistance -->
   <material id="concrete_reinforced">
      <property name="damage_category" value="stone" />
      <property name="surface_category" value="stone" />
      <property name="Hardness" type="float" value="16.0" />
      <property name="stepsound" value="stone" />
      <property name="stability_glue" value="110" />
      <property name="Mass" type="int" value="15" />
      <property name="explosionresistance" value=".5" />
   </material>
   <material id="concrete_reinforced_metal">
      <property name="damage_category" value="stone" />
      <property name="surface_category" value="stone" />
      <property name="Hardness" type="float" value="16.0" />
      <property name="stepsound" value="stone" />
      <property name="stability_glue" value="110" />
      <property name="Mass" type="int" value="15" />
      <property name="explosionresistance" value=".75" />
   </material>
   <material id="bedrock">
      <property name="damage_category" value="stone" />
      <property name="surface_category" value="stone" />
      <property name="Hardness" type="float" value="10000" />
      <property name="stepsound" value="stone" />
      <property name="stability_glue" value="110" />
      <property name="Mass" type="int" value="15" />
   </material>
   <material id="coal">
      <property name="damage_category" value="stone" />
      <property name="surface_category" value="stone" />
      <property name="Hardness" type="float" value="2.0" />
      <property name="stepsound" value="stone" />
      <property name="stability_glue" value="16" />
      <property name="Mass" type="int" value="8" />
   </material>
   <material id="brick">
      <property name="damage_category" value="stone" />
      <property name="surface_category" value="stone" />
      <property name="Hardness" type="float" value="3.5" />
      <property name="stepsound" value="stone" />
      <property name="stability_glue" value="65" />
      <property name="Mass" type="int" value="13" />
   </material>
   <material id="metal_thin">
      <property name="damage_category" value="metal" />
      <property name="surface_category" value="metal" />
      <property name="forge_category" value="iron" />
      <property name="Hardness" type="float" value=".2" />
      <property name="stepsound" value="metal" />
      <property name="stability_glue" value="10" />
      <property name="Mass" type="int" value="1" />
   </material>
   <!-- hardness was 2.5 -->
   <material id="metal_weak">
      <property name="damage_category" value="metal" />
      <property name="surface_category" value="metal" />
      <property name="forge_category" value="iron" />
      <property name="Hardness" type="float" value="2.5" />
      <property name="stepsound" value="metal" />
      <property name="stability_glue" value="5" />
      <property name="Mass" type="int" value="5" />
   </material>
   <!-- hardness was 5.0 -->
   <material id="metal">
      <property name="damage_category" value="metal" />
      <property name="surface_category" value="metal" />
      <property name="forge_category" value="iron" />
      <property name="Hardness" type="float" value="5" />
      <property name="stepsound" value="metal" />
      <property name="stability_glue" value="320" />
      <property name="Mass" type="int" value="20" />
   </material>
   <!-- hardness was 7.5 -->
   <material id="metal_medium">
      <property name="damage_category" value="metal" />
      <property name="surface_category" value="metal" />
      <property name="forge_category" value="iron" />
      <property name="Hardness" type="float" value="10" />
      <property name="stepsound" value="metal" />
      <property name="stability_glue" value="320" />
      <property name="Mass" type="int" value="20" />
      <property name="explosionresistance" value=".5" />
   </material>
   <!-- hardness was 10.0 -->
   <material id="metal_hard">
      <property name="damage_category" value="metal" />
      <property name="surface_category" value="metal" />
      <property name="forge_category" value="iron" />
      <property name="Hardness" type="float" value="15" />
      <property name="stepsound" value="metal" />
      <property name="stability_glue" value="320" />
      <property name="Mass" type="int" value="20" />
      <property name="explosionresistance" value=".5" />
   </material>

   <material id="steel">
      <property name="damage_category" value="metal" />
      <property name="surface_category" value="metal" />
      <property name="forge_category" value="iron" />
      <property name="Hardness" type="float" value="80" />
      <property name="stepsound" value="metal" />
      <property name="stability_glue" value="320" />
      <property name="Mass" type="int" value="20" />
      <property name="explosionresistance" value=".5" />
   </material>
   <!-- hardness was 20 -->
   <material id="tungsten">
      <property name="damage_category" value="metal" />
      <property name="surface_category" value="metal" />
      <property name="forge_category" value="tungsten" />
      <property name="Hardness" type="float" value="30" />
      <property name="stepsound" value="metal" />
      <property name="stability_glue" value="320" />
      <property name="Mass" type="int" value="20" />
   </material>
   <material id="sand">
      <property name="damage_category" value="earth" />
      <property name="surface_category" value="earth" />
      <property name="Hardness" type="float" value="1" />
      <property name="stepsound" value="sand" />
      <property name="stability_glue" value="0" />
      <property name="fertile_level" value="1" />
      <property name="Mass" type="int" value="8" />
   </material>
   <material id="sandstone">
      <property name="damage_category" value="earth" />
      <property name="surface_category" value="earth" />
      <property name="Hardness" type="float" value="1" />
      <property name="stepsound" value="sand" />
      <property name="stability_glue" value="24" />
      <property name="Mass" type="int" value="8" />
   </material>
   <!-- *** All other materials -->
   <material id="hay">
      <property name="damage_category" value="earth" />
      <property name="surface_category" value="plant" />
      <property name="particle_category" value="xt_tallgrass" />
      <property name="particle_destroy_category" value="xt_tallgrass" />
      <property name="Hardness" type="float" value=".6" />
      <property name="stepsound" value="leaves" />
      <property name="stability_glue" value="0" />
      <property name="Mass" type="int" value="3" />
   </material>
   <material id="dynamite">
      <property name="damage_category" value="cloth" />
      <property name="surface_category" value="cloth" />
      <property name="Hardness" type="float" value=".6" />
      <property name="stepsound" value="leaves" />
      <property name="stability_glue" value="0" />
      <property name="Mass" type="int" value="3" />
      <property name="explosionresistance" value="0" />
   </material>
   <material id="paper">
      <property name="damage_category" value="cloth" />
      <property name="surface_category" value="cloth" />
      <property name="forge_category" value="paper" />
      <property name="Hardness" type="float" value="0.1" />
      <property name="stepsound" value="wood" />
      <property name="stability_glue" value="24" />
      <property name="Mass" type="int" value="6" />
   </material>

   <material id="leather">
      <property name="damage_category" value="cloth" />
      <property name="surface_category" value="cloth" />
      <property name="forge_category" value="leather" />
      <property name="Hardness" type="float" value="0.3" />
      <property name="stepsound" value="wood" />
      <property name="stability_glue" value="24" />
      <property name="Mass" type="int" value="6" />
   </material>

   <material id="wood">
      <property name="damage_category" value="wood" />
      <property name="surface_category" value="wood" />
      <property name="Hardness" type="float" value="2.0" />
      <property name="stepsound" value="wood" />
      <property name="stability_glue" value="24" />
      <property name="Mass" type="int" value="5" />
   </material>
   <material id="barnwood">
      <property name="damage_category" value="wood" />
      <property name="surface_category" value="wood" />
      <property name="Hardness" type="float" value="2" />
      <property name="stepsound" value="wood" />
      <property name="stability_glue" value="24" />
      <property name="Mass" type="int" value="6" />
   </material>
   <material id="wood_weak">
      <property name="damage_category" value="wood" />
      <property name="surface_category" value="wood" />
      <property name="Hardness" type="float" value="1" />
      <property name="stepsound" value="wood" />
      <property name="stability_glue" value="6" />
      <property name="Mass" type="int" value="6" />
   </material>
   <material id="wood_ladders">
      <property name="damage_category" value="wood" />
      <property name="surface_category" value="wood" />
      <property name="Hardness" type="float" value="0.5" />
      <property name="stepsound" value="wood" />
      <property name="stability_glue" value="3" />
      <property name="Mass" type="int" value="3" />
   </material>
   <!-- hardness was 2.0 -->
   <material id="wood+wood">
      <property name="damage_category" value="wood" />
      <property name="surface_category" value="wood" />
      <property name="Hardness" type="float" value="4" />
      <property name="stepsound" value="wood" />
      <property name="stability_glue" value="36" />
      <property name="Mass" type="int" value="6" />
   </material>
   <material id="wood+metal">
      <property name="damage_category" value="metal" />
      <property name="surface_category" value="metal" />
      <property name="Hardness" type="float" value="5" />
      <property name="stepsound" value="wood" />
      <property name="stability_glue" value="36" />
      <property name="Mass" type="int" value="6" />
   </material>
   <material id="cloth">
      <property name="damage_category" value="cloth" />
      <property name="surface_category" value="cloth" />
      <property name="forge_category" value="cloth" />
      <property name="Hardness" type="float" value="0.2" />
      <property name="explosionresistance" value="0" />
      <property name="stepsound" value="cloth" />
      <property name="lightopacity" value="4" />
      <property name="stability_glue" value="2" />
      <property name="Mass" type="int" value="1" />
      <property name="StabilitySupport" value="false" />
   </material>

   <material id="clothStable">
      <property name="damage_category" value="cloth" />
      <property name="surface_category" value="cloth" />
      <property name="forge_category" value="cloth" />
      <property name="Hardness" type="float" value="0.2" />
      <property name="explosionresistance" value="0" />
      <property name="stepsound" value="cloth" />
      <property name="lightopacity" value="4" />
      <property name="stability_glue" value="2" />
      <property name="Mass" type="int" value="1" />
   </material>

   <material id="glass">
      <property name="damage_category" value="glass" />
      <property name="surface_category" value="glass" />
      <property name="forge_category" value="glass" />
      <property name="Hardness" type="float" value="0.5" />
      <property name="lightopacity" value="1" />
      <property name="stepsound" value="metal" />
      <property name="stability_glue" value="7" />
      <property name="Mass" type="int" value="7" />
      <property name="StabilitySupport" value="true" />
   </material>
   <material id="snow">
      <property name="damage_category" value="earth" />
      <property name="surface_category" value="earth" />
      <property name="particle_category" value="snow" />
      <property name="particle_destroy_category=" value="snow" />
      <property name="Hardness" type="float" value="0.4" />
      <property name="stepsound" value="snow" />
      <property name="stability_glue" value="9" />
      <property name="fertile_level" value="1" />
      <property name="Mass" type="int" value="3" />
   </material>
   <material id="web">
      <property name="surface_category" value="cloth" />
      <property name="Hardness" type="float" value="1" />
      <property name="lightopacity" value="1" />
      <property name="collidable" value="false" />
      <property name="movement_factor" value="0.25" />
      <property name="stability_glue" value="100" />
      <property name="Mass" type="int" value="1" />
      <property name="StabilitySupport" value="false" />
   </material>
   <material id="cardboard">
      <property name="surface_category" value="cloth" />
      <property name="damage_category" value="wood" />
      <property name="Hardness" type="float" value="0.3" />
      <property name="stepsound" value="wood" />
      <property name="stability_glue" value="0" />
      <property name="Mass" type="int" value="2" />
      <property name="StabilitySupport" value="false" />
   </material>
   <material id="furniture">
      <property name="surface_category" value="cloth" />
      <property name="damage_category" value="wood" />
      <property name="Hardness" type="float" value="0.5" />
      <property name="stepsound" value="cloth" />
      <property name="stability_glue" value="0" />
      <property name="Mass" type="int" value="3" />
      <property name="StabilitySupport" value="false" />
   </material>
   <material id="lead">
      <property name="damage_category" value="metal" />
      <property name="surface_category" value="metal" />
      <property name="forge_category" value="lead" />
      <property name="Hardness" type="float" value="1.5" />
      <property name="stepsound" value="metal" />
      <property name="stability_glue" value="320" />
      <property name="Mass" type="int" value="20" />
   </material>
   <material id="brass">
      <property name="damage_category" value="metal" />
      <property name="surface_category" value="metal" />
      <property name="forge_category" value="brass" />
      <property name="Hardness" type="float" value="1" />
      <property name="stepsound" value="metal" />
      <property name="stability_glue" value="320" />
      <property name="Mass" type="int" value="20" />
   </material>
   <material id="droppedBackpack">
      <property name="damage_category" value="cloth" />
      <property name="surface_category" value="cloth" />
      <property name="Hardness" type="float" value="99" />
      <property name="explosionresistance" value="1" />
      <property name="stepsound" value="cloth" />
      <property name="lightopacity" value="4" />
      <property name="stability_glue" value="0" />
      <property name="Mass" type="int" value="1" />
      <property name="StabilitySupport" value="false" />
   </material>
   <material id="boulder">
      <property name="damage_category" value="stone" />
      <property name="surface_category" value="stone" />
      <property name="particle_destroy_category" value="boulder" />
      <property name="Hardness" type="float" value="2" />
      <property name="explosionresistance" value="1" />
      <property name="stepsound" value="stone" />
      <property name="stability_glue" value="0" />
      <property name="Mass" type="int" value="1" />
   </material>
         <!-- LT Mod Begins -->
      <material id="metal_steel">
      <property name="damage_category" value="metal" />
      <property name="surface_category" value="metal" />
      <property name="forge_category" value="steel" />
      <property name="Hardness" type="float" value="15" />
      <property name="stepsound" value="metal" />
      <property name="stability_glue" value="320" />
      <property name="Mass" type="int" value="30" />
      <property name="explosionresistance" value=".7" />
      </material>

      <material id="copper">
      <property name="damage_category" value="metal" />
      <property name="surface_category" value="metal" />
      <property name="forge_category" value="copper" />
      <property name="Hardness" type="float" value="1" />
      <property name="stepsound" value="metal" />
      <property name="stability_glue" value="320" />
      <property name="Mass" type="int" value="20" />
      </material>

      <material id="hardwood">
      <property name="damage_category" value="wood" />
      <property name="surface_category" value="wood" />
      <property name="Hardness" type="float" value="4.0" />
      <property name="stepsound" value="wood" />
      <property name="stability_glue" value="90" />
      <property name="Mass" type="int" value="10" />
      </material>

      <material id="hardwood+metal">
      <property name="damage_category" value="metal" />
      <property name="surface_category" value="metal" />
      <property name="Hardness" type="float" value="6" />
      <property name="stepsound" value="wood" />
      <property name="stability_glue" value="100" />
      <property name="Mass" type="int" value="6" />
      </material>

      <!-- LT Steel / Concrete Hybrid -->
      <material id="concrete_steel">
      <property name="damage_category" value="stone" />
      <property name="surface_category" value="metal" />
      <property name="Hardness" type="float" value="300.0" />
      <property name="stepsound" value="stone" />
      <property name="stability_glue" value="210" />
      <property name="Mass" type="int" value="25" />
      <property name="explosionresistance" value=".9" />
      </material>

      <!-- LT Steel / Hardened Doors -->
      <material id="hardened_steel">
       <property name="damage_category" value="metal" />
       <property name="surface_category" value="metal" />
       <property name="Hardness" type="float" value="300.0" />
      <property name="stepsound" value="metal" />
       <property name="stability_glue" value="210" />
       <property name="Mass" type="int" value="25" />
       <property name="explosionresistance" value=".9" />
      </material>


</materials>
