<?xml version="1.0" encoding="UTF-8"?>
<iteminfo>

   <!-- For items with weapon hold type=="X" we have a ray cast delay of Y -->
    <animation>
        <hold_type id="0" newmodel="false" ray_cast="0.16"  unholster="0.2" />        <!-- 0 hand player -->
        <hold_type id="1" newmodel="false" ray_cast="0.16" holster=".28" unholster="0.2" />        <!-- 1 pistol -->
        <hold_type id="2" newmodel="false" ray_cast="0.40" holster=".28" unholster="0.2" />        <!-- 2 clubs -->
        <hold_type id="3" newmodel="false" ray_cast="1.00" holster=".28" unholster="0.2" />        <!-- 3 jars -->
        <hold_type id="4" newmodel="false" ray_cast="0.64" holster=".28" unholster="0.2" />        <!-- 4 hoe -->
        <hold_type id="5" newmodel="false" ray_cast="0" holster=".28" unholster="0.2" />           <!-- 5 shotgun -->
        <hold_type id="6" newmodel="false" ray_cast="0" holster=".28" unholster="0.2" />           <!-- 6 mp5 -->
        <hold_type id="7" newmodel="false" ray_cast="0" holster=".28" unholster="0.2" />           <!-- 7 blocks and venison? -->
        <hold_type id="8" newmodel="false" ray_cast="0" holster=".28" unholster="0.2" />           <!-- 8 not used -->
        <hold_type id="9" newmodel="false" ray_cast="0.4" holster=".28" unholster="1.0" />         <!-- 9 hand zombie -->
        <hold_type id="10" newmodel="false" ray_cast="0" holster=".28" unholster="1.0" />          <!-- 10 rocket launcher -->
        <hold_type id="11" newmodel="false" ray_cast="0" holster=".28" unholster="1.0" />          <!-- 11 sniper rifle -->
        <hold_type id="12" newmodel="false" ray_cast="0.46" holster=".28" unholster="0.2" />       <!--12  torch  -->
        <hold_type id="13" newmodel="false" ray_cast="0.2" holster=".28" unholster="0.2" />        <!-- 13 flashlight  -->
        <hold_type id="14" newmodel="false" ray_cast="2.0" holster=".28" unholster="0.2" />        <!-- 14 canned food and yucca fruit-->
        <hold_type id="15" newmodel="false" ray_cast="2.0" holster=".28" unholster="0.2" />        <!-- 15 corn and potato -->
        <hold_type id="16" newmodel="false" ray_cast="0.20" holster=".28" unholster="0.2" />       <!-- 16 first aid, pill bottles stick -->
        <hold_type id="17" newmodel="false" ray_cast="0.4" holster=".28" unholster="0.2" />        <!-- 17 fireaxe -->
        <hold_type id="18" newmodel="false" ray_cast="0.5" holster=".28" unholster="0.2" />        <!-- 18 shovel and auger blade -->
        <hold_type id="19" newmodel="false" ray_cast="0.5" holster=".28" unholster="0.2" />        <!-- 19 chainsaw -->
        <hold_type id="20" newmodel="false" ray_cast="0.5" holster=".28" unholster="0.2" />        <!-- 20 auger -->
        <hold_type id="21" newmodel="false" ray_cast="0.5" holster=".28" unholster="0.2" />        <!-- 21 flat hand hold -->
        <hold_type id="22" newmodel="false" ray_cast="0.5" holster=".28" unholster="0.2" />        <!-- 22 sham -->
        <hold_type id="23" newmodel="false" ray_cast="2.0" holster=".28" unholster="0.2" />        <!-- 23 stews, bowl -->
        <hold_type id="24" newmodel="false" ray_cast="0.3" holster=".28" unholster="1.0" />        <!-- 24 hand zombie 02 crawler -->
        <hold_type id="25" newmodel="false" ray_cast="0.3" holster=".28" unholster="0.2" />        <!-- 25 pipe bomb -->
        <hold_type id="26" newmodel="false" ray_cast="0.3" holster=".28" unholster="0.2" />        <!-- 26 crossbow -->
        <hold_type id="27" newmodel="false" ray_cast="0.8" holster=".28" unholster="0.2" />        <!-- 27 wooden bow -->
        <hold_type id="28" newmodel="false" ray_cast="0.8" holster=".28" unholster="0.2" />        <!-- 28 hornet stinger -->
        <hold_type id="29" newmodel="false" ray_cast="0.3" holster=".28" unholster="0.2" />        <!-- wrench -->
        <hold_type id="30" newmodel="false" ray_cast="0" holster=".28" unholster="0.2" />          <!-- hunting rifle -->
        <hold_type id="31" newmodel="false" ray_cast="2.0" holster=".28" unholster="0.2" />        <!-- parcel -->
        <hold_type id="32" newmodel="false" ray_cast="0.2" holster=".28" unholster="0.2" />        <!-- stone axe -->
        <hold_type id="33" newmodel="false" ray_cast="0.75" holster=".28" unholster="0.2" />       <!-- sledgehammer -->
        <hold_type id="34" newmodel="false" ray_cast="0.75" holster=".28" unholster="0.2" />       <!-- not used -->
        <hold_type id="35" newmodel="false" ray_cast="0.3" holster=".28" unholster="0.2" />        <!-- dog -->
        <hold_type id="36" newmodel="false" ray_cast="0.43" holster=".28" unholster="0.2" />       <!-- knife -->
        <hold_type id="37" newmodel="false" ray_cast="0" holster=".28" unholster="0.2" />          <!-- nailgun -->
        <hold_type id="38" newmodel="false" ray_cast="0" holster=".28" unholster="0.2" />          <!-- cobblestones -->
        <hold_type id="39" newmodel="false" ray_cast="0" holster=".28" unholster="0.2" />          <!-- blunderbuss -->
        <hold_type id="40" newmodel="false" ray_cast="0.20" holster=".28" unholster="0.2" />       <!-- rock small -->
        <hold_type id="44" newmodel="false" ray_cast="0" holster=".28" unholster="0.2" />          <!-- magnum -->
        <hold_type id="45" newmodel="false" ray_cast="0" holster=".28" unholster="0.2" />          <!-- sack -->
        <hold_type id="46" newmodel="false" ray_cast=".5" holster=".28" unholster="0.2" />         <!-- bear hand -->
    </animation>
    <!--
         Add noisy sounds here
         A range of about 40 is max!
         Time is the time in seconds the noise is valid.
         With prio you specify that this sound has prio over other sounds (prio 1 is most important)
		 Please name the sound EXACTLY like you reference it in items.xml, because there is a string comparison done in the game.
         The only exceptions to this rule are sounds that are in the folders 'Misc', 'ImpactSurface', 'ThrowImpact' and 'DestroyBlock'.
		 Please add these sounds WITHOUT any folder name.

		 NOTE: optional parameter muffled_when_crouched=<0-1> (default is 1) sound travel distance will be multiplied by muffled scale
		 NOTE: optional parameter hordemeter_player_only="true/false" (default is true) true means the sound will contribute to the meter even if emitted by the a non-player entity (grenades and bombs are not the player entity).
		 NOTE: optional parameter player_only="true/false" (default is true) false means the sound will be heard by AI even if emitted by a non-player entity.

     -->

    <noise>
        <!-- Sounds in the following folders do not need file paths Misc, Step, ImpactSurface, DestroyBlock, ThrowImpact-->
        <!-- Weapons and Explosions-->
        <sound name="Explosions/explosion1" range="50" prio="1" time="1" heat_map_strength="5" heat_map_time="120" player_only="false" />
        <sound name="Explosions/explosion2" range="50" prio="1" time="1" heat_map_strength="5" heat_map_time="120" player_only="false" />
        <sound name="Explosions/explosion3" range="60" prio="1" time="1" heat_map_strength="5" heat_map_time="120" player_only="false" />
        <sound name="Explosions/explosion4" range="60" prio="1" time="1" heat_map_strength="5" heat_map_time="120" player_only="false" />
        <sound name="Explosions/explosion5" range="70" prio="1" time="1" heat_map_strength="5" heat_map_time="120" player_only="false" />
        <sound name="Explosions/explosion6" range="70" prio="1" time="1" heat_map_strength="5" heat_map_time="120" player_only="false" />
        <sound name="Weapons/Ranged/44Magnum/44magnum_fire" range="70" prio="1" time="1" heat_map_strength="0.3" heat_map_time="120" />
        <sound name="Weapons/Ranged/SawedOffPumpShotgun/sawed_off_shotgun_fire" range="60" prio="1" time="1" heat_map_strength="0.3" heat_map_time="120" />
        <sound name="Weapons/Ranged/PumpShotgun/pump_shotgun_fire" range="50" prio="1" time="1" heat_map_strength="0.3" heat_map_time="120" />
        <sound name="Weapons/Ranged/M136/m136_fire" range="35" prio="1" time="1" heat_map_strength="0.3" heat_map_time="120" />
        <sound name="Weapons/Motorized/Chainsaw/chainsaw_fire_start" range="50" prio="1" time="1" heat_map_strength="0.3" heat_map_time="120" />
        <sound name="Weapons/Ranged/Pistol/pistol_fire" range="50" prio="1" time="1" heat_map_strength="0.3" heat_map_time="120" />
        <sound name="Weapons/Ranged/Makeshift_Pistol/shotuzi" range="50" prio="1" time="1" heat_map_strength="0.3" heat_map_time="120" />
        <sound name="Weapons/Ranged/MP5/mp5_fire_start" range="50" prio="1" time="1" heat_map_strength="0.3" heat_map_time="120" />
        <sound name="Weapons/Ranged/SniperRifle/sniperrifle_fire" range="35" prio="1" time="1" heat_map_strength="0.3" heat_map_time="120" />
        <sound name="Weapons/Motorized/Auger/auger_fire_start" range="45" prio="1" time="1" heat_map_strength="0.3" heat_map_time="120" />
        <sound name="Weapons/Ranged/Hunting_Rifle/hunting_rifle_fire" range="50" prio="1" time="1" heat_map_strength="0.3" heat_map_time="120" />
        <sound name="Weapons/Ranged/Bows/Crossbow/crossbow_fire" range="5" prio="1" time="1" />
        <!-- Tree Falls-->
        <sound name="trunkbreaks" range="50" prio="1" time="1" hordemeter="6" player_only="false" heat_map_strength="1" heat_map_time="120" />
        <!-- Looting and Using Stuff -->
        <sound name="UseActions/takeall1" range="20" prio="1" time="1" muffled_when_crouched="0.4" />
        <sound name="UseActions/open_animal" range="15" prio="1" time="1" heat_map_strength="5" heat_map_time="120" muffled_when_crouched="0.5" />
        <sound name="UseActions/open_backpack" range="15" prio="1" time="1" muffled_when_crouched="0.5" />
        <sound name="UseActions/open_cardboard" range="15" prio="1" time="1" muffled_when_crouched="0.5" />
        <sound name="UseActions/open_chest" range="15" prio="1" time="1" muffled_when_crouched="0.5" />
        <sound name="UseActions/open_corpse" range="15" prio="1" time="1" muffled_when_crouched="0.5" />
        <sound name="UseActions/open_cupboard" range="15" prio="1" time="1" muffled_when_crouched="0.5" />
        <sound name="UseActions/open_door_wood" range="20" prio="1" time="1" muffled_when_crouched="0.5" />
        <sound name="UseActions/close_door_wood" range="20" prio="1" time="1" muffled_when_crouched="0.5" />
        <sound name="UseActions/open_door_metal" range="25" prio="1" time="1" muffled_when_crouched="0.5" />
        <sound name="UseActions/close_door_metal" range="25" prio="1" time="1" muffled_when_crouched="0.5" />
        <sound name="UseActions/open_drawer" range="15" prio="1" time="1" muffled_when_crouched="0.5" />
        <sound name="UseActions/open_fridge" range="15" prio="1" time="1" muffled_when_crouched="0.5" />
        <sound name="UseActions/open_garbage" range="15" prio="1" time="1" muffled_when_crouched="0.5" />
        <sound name="UseActions/open_mailbox" range="15" prio="1" time="1" muffled_when_crouched="0.5" />
        <sound name="UseActions/open_safe" range="25" prio="1" time="1" muffled_when_crouched="0.5" />
        <sound name="UseActions/open_stump" range="15" prio="1" time="1" muffled_when_crouched="0.5" />
        <sound name="UseActions/open_suitcase" range="15" prio="1" time="1" muffled_when_crouched="0.5" />
        <sound name="UseActions/open_cooler" range="15" prio="1" time="1" muffled_when_crouched="0.5" />
        <sound name="UseActions/open_trashcan" range="20" prio="1" time="1" muffled_when_crouched="0.5" />
        <sound name="UseActions/open_vehicle" range="20" prio="1" time="1" muffled_when_crouched="0.5" />
        <sound name="UseActions/open_locker" range="20" prio="1" time="1" muffled_when_crouched="0.5" />
        <sound name="UseActions/open_file_cabinet" range="20" prio="1" time="1" muffled_when_crouched="0.5" />
        <sound name="UseActions/open_medicine_cabinet" range="15" prio="1" time="1" muffled_when_crouched="0.5" />
        <sound name="UseActions/bucketfill_water" range="15" prio="2" time="5" muffled_when_crouched="0.5" />
        <sound name="UseActions/bucketbail_water" range="15" prio="2" time="5" muffled_when_crouched="0.5" />
        <sound name="UseActions/bucketplace_water" range="15" prio="2" time="5" muffled_when_crouched="0.5" />
        <sound name="UseActions/repair_block" range="10" prio="2" time="5" muffled_when_crouched="0.5" />
        <sound name="UseActions/player_bandage" range="5" prio="2" time="5" muffled_when_crouched="0.5" />
        <sound name="UseActions/player_drinking" range="5" prio="2" time="5" muffled_when_crouched="0.5" />
        <sound name="UseActions/player_eating" range="5" prio="2" time="5" muffled_when_crouched="0.5" />
        <sound name="UseActions/player_ointment" range="5" prio="2" time="5" muffled_when_crouched="0.5" />
        <sound name="UseActions/player_painkillers" range="5" prio="2" time="5" muffled_when_crouched="0.5" />
        <sound name="Forge/forge_open" range="10" prio="2" time="5" muffled_when_crouched="0.5" />
        <sound name="Crafting/open_inventory" range="5" prio="2" time="5" muffled_when_crouched="0.5" />
        <sound name="Campfire/campfire_open" range="8" prio="2" time="5" muffled_when_crouched="0.5" />
        <!-- Impact sounds -->
        <sound name="metalhitcloth" range="10" prio="3" time="1" muffled_when_crouched="0.7" />
        <sound name="metalhitearth" range="10" prio="3" time="1" hordemeter="0" muffled_when_crouched="0.7" />
        <sound name="metalhitmetal" range="22" prio="2" time="1" heat_map_strength="0.05" heat_map_time="60" muffled_when_crouched="0.7" />
        <sound name="metalhitorganic" range="10" prio="3" time="1" muffled_when_crouched="0.7" />
        <sound name="metalhitstone" range="18" prio="2" time="1" heat_map_strength="0.05" heat_map_time="60" muffled_when_crouched="0.7" />
        <sound name="metalhitwater" range="10" prio="3" time="3" hordemeter="0" muffled_when_crouched="0.7" />
        <sound name="metalhitwood" range="14" prio="3" time="1" heat_map_strength="0.05" heat_map_time="60" muffled_when_crouched="0.7" />
        <sound name="organichitcloth" range="6" prio="3" time="1" hordemeter="0" muffled_when_crouched="0.7" />
        <sound name="organichitearth" range="6" prio="3" time="1" hordemeter="0" muffled_when_crouched="0.7" />
        <sound name="organichitmetal" range="18" prio="2" time="1" hordemeter="0" muffled_when_crouched="0.7" />
        <sound name="organichitorganic" range="10" prio="3" time="1" hordemeter="0" muffled_when_crouched="0.7" />
        <sound name="organichitstone" range="14" prio="2" time="1" hordemeter="0" muffled_when_crouched="0.7" />
        <sound name="organichitwater" range="10" prio="3" time="3" hordemeter="0" muffled_when_crouched="0.7" />
        <sound name="organichitwood" range="10" prio="3" time="1" hordemeter="0" muffled_when_crouched="0.7" />
        <sound name="stonehitcloth" range="10" prio="3" time="1" hordemeter="0" muffled_when_crouched="0.7" />
        <sound name="stonehitearth" range="10" prio="3" time="1" hordemeter="0" muffled_when_crouched="0.7" />
        <sound name="stonehitmetal" range="18" prio="2" time="1" heat_map_strength="0.05" heat_map_time="60" muffled_when_crouched="0.7" />
        <sound name="stonehitorganic" range="10" prio="3" time="1" hordemeter="0" muffled_when_crouched="0.7" />
        <sound name="stonehitstone" range="14" prio="2" time="1" heat_map_strength="0.05" heat_map_time="60" muffled_when_crouched="0.7" />
        <sound name="stonehitwater" range="10" prio="3" time="3" hordemeter="0" muffled_when_crouched="0.7" />
        <sound name="stonehitwood" range="10" prio="3" time="1" heat_map_strength="0.05" heat_map_time="60" muffled_when_crouched="0.7" />
        <sound name="woodhitcloth" range="10" prio="3" time="1" hordemeter="0" muffled_when_crouched="0.7" />
        <sound name="woodhitearth" range="10" prio="3" time="1" hordemeter="0" muffled_when_crouched="0.7" />
        <sound name="woodhitmetal" range="18" prio="2" time="1" muffled_when_crouched="0.7" />
        <sound name="woodhitorganic" range="10" prio="3" time="1" hordemeter="0" muffled_when_crouched="0.7" />
        <sound name="woodhitstone" range="14" prio="2" time="1" heat_map_strength="0.05" heat_map_time="60" muffled_when_crouched="0.7" />
        <sound name="woodhitwater" range="10" prio="3" time="3" hordemeter="0" muffled_when_crouched="0.7" />
        <sound name="woodhitwood" range="10" prio="3" time="1" hordemeter="0" muffled_when_crouched="0.7" />
        <!-- Block Destroy sounds -->
        <sound name="clothdestroy" range="10" prio="3" time="1" hordemeter="0" muffled_when_crouched="0.7" />
        <sound name="earthdestroy" range="10" prio="3" time="1" hordemeter="0" muffled_when_crouched="0.7" />
        <sound name="glassdestroy" range="22" prio="2" time="1" hordemeter="1" muffled_when_crouched="0.7" />
        <sound name="metaldestroy" range="22" prio="2" time="1" hordemeter="1" muffled_when_crouched="0.7" />
        <sound name="organicdestroy" range="10" prio="3" time="1" hordemeter="0" muffled_when_crouched="0.7" />
        <sound name="plantdestroy" range="10" prio="3" time="1" hordemeter="0" muffled_when_crouched="0.7" />
        <sound name="stonedestroy" range="18" prio="2" time="1" hordemeter="0" muffled_when_crouched="0.7" />
        <sound name="wooddestroy" range="18" prio="3" time="3" hordemeter="0" muffled_when_crouched="0.7" />
        <sound name="avalanche" range="30" prio="1" time="9" hordemeter="1" />
        <!-- Throw stones are seperate entities, flag their sounds as being emitted even if not a player -->
        <sound name="throwstonehitcloth" range="20" prio="4" time="1" hordemeter="0" player_only="false" />
        <sound name="throwstonehitearth" range="20" prio="4" time="1" hordemeter="0" player_only="false" />
        <sound name="throwstonehitmetal" range="30" prio="2" time="1" hordemeter="0" player_only="false" />
        <sound name="throwstonehitorganic" range="20" prio="4" time="1" hordemeter="0" player_only="false" />
        <sound name="throwstonehitstone" range="20" prio="3" time="1" hordemeter="0" player_only="false" />
        <sound name="throwstonehitwood" range="20" prio="3" time="1" hordemeter="0" player_only="false" />
        <sound name="throwstonehitwater" range="20" prio="3" time="1" hordemeter="0" player_only="false" />
        <sound name="throwmetalhitcloth" range="20" prio="4" time="1" hordemeter="0" player_only="false" />
        <sound name="throwmetalhitearth" range="20" prio="4" time="1" hordemeter="0" player_only="false" />
        <sound name="throwmetalhitmetal" range="30" prio="2" time="1" hordemeter="0" player_only="false" />
        <sound name="throwmetalhitorganic" range="20" prio="4" time="1" hordemeter="0" player_only="false" />
        <sound name="throwmetalhitstone" range="20" prio="2" time="1" hordemeter="0" player_only="false" />
        <sound name="throwmetalhitwood" range="20" prio="3" time="1" hordemeter="0" player_only="false" />
        <sound name="throwmetalhitwater" range="20" prio="3" time="1" hordemeter="0" player_only="false" />
        <!-- Footsteps sounds -->
        <sound name="stepcloth" range="3" prio="10" time="1" muffled_when_crouched="0.5" />
        <sound name="stepdirt" range="5" prio="10" time="1" muffled_when_crouched="0.5" />
        <sound name="stepgrass" range="5" prio="10" time="1" muffled_when_crouched="0.5" />
        <sound name="stepgravel" range="10" prio="10" time="1" muffled_when_crouched="0.5" />
        <sound name="stepleaves" range="8" prio="10" time="1" muffled_when_crouched="0.5" />
        <sound name="stepmetal" range="10" prio="10" time="1" muffled_when_crouched="0.5" />
        <sound name="steporganic" range="6" prio="10" time="1" muffled_when_crouched="0.5" />
        <sound name="stepsand" range="3" prio="10" time="1" muffled_when_crouched="0.5" />
        <sound name="stepsnow" range="7" prio="10" time="1" muffled_when_crouched="0.5" />
        <sound name="stepstone" range="5" prio="10" time="1" muffled_when_crouched="0.5" />
        <sound name="stepwater" range="8" prio="10" time="1" muffled_when_crouched="0.5" />
        <sound name="stepwood" range="8" prio="10" time="1" muffled_when_crouched="0.5" />
        <sound name="Player_Male/playergas" range="15" prio="10" time="1" />
    </noise>

    <smell>
        <!-- range is max travel distance of smell in meters
		     strength is a relative indicator of how strong a smell is compared to other smells
			 speed is how fast the smell travels in meters per second

			 belt_range/belt_strength indicate values when the item is on players belt

			 Joel's smell design: Raw meats smell the most, then charred, then grilled and boiled smell the least. Carbs generally do not attract zombies much so foods
			 like corn bread, blueberry pie even though to humans can smell a lot, they do not attract zombies like meat does.
	    -->
        <smell name="testSmell" range="15" strength="1" speed="45" duration="5" belt_range="45" belt_strength="2" />
        <smell name="smallSmell" range="1" strength="1" speed="2" duration="5" belt_range="5" belt_strength="2" />
        <smell name="mediumSmell" range="5" strength="2" speed="5" duration="10" belt_range="15" belt_strength="2" heat_map_strength="0.01" heat_map_time="120" />
        <smell name="largeSmell" range="10" strength="3" speed="10" duration="10" belt_range="30" belt_strength="3" heat_map_strength="0.02" heat_map_time="120" />
        <smell name="exLargeSmell" range="20" strength="4" speed="15" duration="15" belt_range="60" belt_strength="4" heat_map_strength="0.4" heat_map_time="120" />
        <smell name="fart" range="15" strength="5" speed="15" duration="10" belt_range="10" belt_strength="5" />
    </smell>

	<groups> <!--http://www.colorpicker.com/-->
		<!--Red-->
		<group name="Basics" color="690101" alpha="1.0"/>
		<group name="Ammo/Weapons" color="690101" alpha="1.0"/>
		<group name="Tools/Traps" color="690101" alpha="1.0"/>
		<!--Orange-->
		<group name="Building" color="786853" alpha="1.0"/>
		<group name="Resources"	color="786853" alpha="1.0"/>
		<group name="Forging/Molds" color="786853" alpha="1.0"/>
		<!--Magenta-->
		<group name="Furniture/Decor" color="B54A8C" alpha="1.0"/>
		<!--Yellow-->
		<group name="Medicine" color="C3D128" alpha="1.0"/>
		<group name="Chemicals" color="C3D128" alpha="1.0"/>
		<!--Green-->
		<group name="Food/Cooking" color="003604" alpha="1.0"/>
		<!--Brown-->
		<group name="Clothing" color="715141" alpha="1.0"/>
		<!--Blue-->
		<group name="Miscellaneous" color="385081" alpha="1.0"/>
		<!--Purple-->
		<group name="Special Items" color="66288A" alpha="1.0"/>
	</groups>

	<qualityinfo>
		<quality key="0" color="2B2724"/>
		<quality key="1" color="59453A"/>
		<quality key="2" color="EA7D07"/>
		<quality key="3" color="CED91F"/>
		<quality key="4" color="46AD3A"/>
		<quality key="5" color="3B5CAD"/>
		<quality key="6" color="B551D7"/>
	</qualityinfo>
</iteminfo>
