<?xml version="1.0" encoding="utf-8"?>
<rwgmixer>
	<!-- ****************Random World Mixer - Early Documentation by LT. Disclaimer: This is based on very early testing and some aspects may be wrong assumptions. Please contribute by posting your findings on the 7 days
	forums.**************** -->

	<!-- Area Number 1 - World Rulesets: A world rule set defines the highest level of the random gen structure, each time a player enters a new region the game asks this rule set - What cell rules should I use to generate POIs?
	This is not about selecting Biomes - That is based on the algorithm which converts your world seed into random elevations and land features. -->
	<world ruleset="vanilla" />

	<rulesets>
		<ruleset name="vanilla" cell_cache_size="32" cell_size="1600" cell_offset="0.4" generation_distance="10000">

			<!-- Some behaviour is being noted that setting a position using position= contributes to forced repeated distribution of that cell rule per every cell. -->
			<!-- <cell_rule name="zeroZero" position="0,0" prob="0.1"/> Question - would a max count work here to keep a true 0,0? LT. to test -->
			<cell_rule name="zeroZero" position="0,0" prob="0.1"/>
			<!-- <cell_rule name="lowDensity" position="0,0" prob="0.1"/> -->
			<!-- Removing position from wasteland hub so it relies on probability. With the wide spawn area for new players in A12 there is perhaps no real need for a true 0,0 -->

			<!-- Define all your rulesets for Cells, and make them add up to 100%, note how each of the below probabilities adds up to 100% - does 7 Days obey this? Yet to be proven like most of the code it seems
			like voodoo sometimes. -->
			<cell_rule name="wastelandHub" prob="0.01"/> <!-- These cities can have either a fixed size or a range, these will be the major wasteland cities that can be encountered. -->

			<!-- High density is a chance for a larger town, or smaller city, low density will take care of smaller towns and rural outposts and possibly some small custom POI layouts -->
			<cell_rule name="highDensity" prob="0.3"/>
			<cell_rule name="lowDensity" prob="0.69"/>
			<!-- <cell_rule name="wastelandHub" prob="0.05"/> -->

<!-- Here is an example of having a standardised pattern generated within the below positions in EACH Cell (previously known as biomes), Not the positions don't seem to mean 0,0 in the whole world, but 0,0
per each cell in the world. Each cell being defined by the cell_size="" above. So in my example, for each 3200 of space, the below rules will be selected at the position coordinates, and then per
each rule it will calculate probability of the city, small town, rural etc and place that there.  -->
<!-- Behaviour Note: It has been noted that there is no real concept of 0,0 anymore. Every rule here will repeat in every cell around the world, meaning if you define WasteLandHub, or in my example "zeroZero"
then that will have a chance of appearing in every Cell rather than just at the true 0,0 of the world. -->
			<!-- <cell_rule name="highDensity" position="0,1" prob="1.0"/>
			<cell_rule name="lowDensity" position="0,-1" prob="1.0"/>
			<cell_rule name="highDensity" position="1,1" prob="1.0"/>
			<cell_rule name="highDensity" position="1,0" prob="1.0"/>
			<cell_rule name="lowDensity" position="-1,0" prob="1.0"/>
			<cell_rule name="lowDensity" position="-1,1" prob="1.0"/>
			<cell_rule name="lowDensity" position="-1,-1" prob="1.0"/>
			<cell_rule name="highDensity" position="1,-1" prob="1.0"/> -->

<!-- Here is where you can call that specific hub layout right at the bottom of this file -->
			<!--<cell_rule name="customHubTest" position="0,1" prob="0"/>-->
		</ruleset>
	</rulesets>

	<!-- Area Number 2 - Cell Rules - Ok above we know the engine decides which cell rule it is about to call when generating POIs, now here is where we start to define what those rules mean. -->

	<!-- First we define some details for each cell Rule - things like how many caves, what the roads are made of, how wide are the roads, then it moves on and specifies which prefab rulesets to check,
	and lastly it decides what the wilderness rulesets are. -->
	<cell_rules>
		<cell_rule name="customHubTest">
			<cave_count value="1,4"/>
			<path_material value="asphalt" />
			<path_radius value="7" />

			<hub_rule name="customHubTest"/>

			<wilderness_rule name="wildernessDefault"/>
		</cell_rule>

		<cell_rule name="lowDensity">
			<cave_count value="4,8"/>
			<path_material value="asphalt" />
			<path_radius value="7" />
			<!-- Disabling this, we'll let High Density provide small cities -->
			<!-- <hub_rule name="citySmall" prob="0.1"/> -->
			<!-- <hub_rule name="ruralSmall" prob="0.3"/> -->
			<hub_rule name="townSmall" prob="1"/>

			<wilderness_rule name="wildernessDefault"/>
		</cell_rule>

		<cell_rule name="highDensity">
			<cave_count value="1,3"/>
			<path_material value="asphalt" />
			<path_radius value="7" />
			<!-- As above, high density will be in charge of making a small city appear, Wasteland hub will be in charge of the more rare larger cities -->
			<hub_rule name="ruralSmall" prob="0.2"/>
			<hub_rule name="citySmall" prob="0.2"/>
			<hub_rule name="townSmall" prob="0.6"/>

			<wilderness_rule name="wildernessDefault" prob="1"/>
		</cell_rule>


		<cell_rule name="wastelandHub">
			<!-- Big cities have no caves, there are enough PC resources being consumed here as it is -->
			<cave_count value="1,3"/>

			<path_material value="asphalt" />
			<path_radius value="7" />

			<hub_rule name="zeroCity" />

			<wilderness_rule name="wildernessDefault" prob="1"/>
		</cell_rule>

		<!-- Custom ruleset created by LT. to try rules specific to 0,0, before discovering that there is no real spoon.. 0,0 anymore. -->
		<cell_rule name="zeroZero">
			<cave_count value="0,0"/>

			<path_material value="asphalt" />
			<path_radius value="7" />

			<hub_rule name="zeroCity" />

			<wilderness_rule name="wildernessDefault" prob="1"/>
		</cell_rule>

</cell_rules>
	<!-- Area Number 3 - Ok so the game now knows which Cell rule it has randomly or not so randomly chosen, it knows what roads, caves and wilderness POIs to set up, now we must define what the hub rules
	mean as far as setting up the POI area. -->

	<!-- In this example below it is creating a small rural outpost, with a fixed area of 96 x 96, so basically enough for maybe 4 buildings. The road is asphalt, and the POI mix it'll select is "townSmall" which
	is defined further down as far as what that really means for prefabs that will be selected. -->
	<hub_rules>
		<hub_rule name="ruralSmall">
			<hub_type value="rural"/>
			<width value="96, 96" />
			<height value="96, 96" />
			<path_material value="asphalt" />
			<path_radius value="7" />

			<prefab_rule name="townSmall" prob="0.5"/>
			<prefab_rule name="ruralMixed1" prob="0.5"/>
		</hub_rule>

		<hub_rule name="townSmall">
			<hub_type value="town"/>
			<width value="246, 246" />
			<height value="246, 246" />
			<path_material value="asphalt" />
			<path_radius value="5" />

			<prefab_rule name="townSmall" prob="1"/>
		</hub_rule>

		<!-- Town large is not currently called anywhere but could be added up at high density -->

		<hub_rule name="townLarge">
			<hub_type value="town"/>
			<width value="220, 220" />
			<height value="184, 220" />
			<path_material value="asphalt" />
			<path_radius value="7" />

			<prefab_rule name="townLarge2" prob="0.5"/>
			<prefab_rule name="townLarge" prob="0.5"/>
		</hub_rule>
		<!-- This is our ranged size, smaller city -->
		<hub_rule name="citySmall">
			<hub_type value="city"/>
			<width value="206, 414" />
			<height value="206, 414" />
			<path_material value="asphalt" />
			<path_radius value="7" />

			<prefab_rule name="cityMixed1" prob="0.5"/>
			<prefab_rule name="wastelandHub" prob="0.5"/>
		</hub_rule>

		<!-- This is our fixed size, big city, gauranteed to make a survivor pee themself. -->
		<hub_rule name="zeroCity">
			<hub_type value="city"/>
			<width value="414, 414" />
			<height value="414, 414" />
			<path_material value="asphalt" />
			<path_radius value="7" />


			<prefab_rule name="wastelandHub" prob="1"/>
		</hub_rule>

		<hub_rule name="none">
			<hub_type value="default_hub"/>
			<path_material value="asphalt" />
			<path_radius value="7" />

			<prefab_rule name="none"/>
		</hub_rule>

		<hub_rule name="customHubTest">
			<hub_type value="town"/>
			<hub_layout name="customHubTest"/>

			<prefab_rule name="townSmall"/>
		</hub_rule>
	</hub_rules>

	<!-- Wilderness rules for all Cell rules above is defined just here. Now spawn_min_max would make sense to be per cell, rather than the whole world. So for each 3200 (or your cell size) there can be
	between 25 and 30 wilderness type POIs.
	We define what road block type for the smaller paths, how wide they are, and the prefab rule set to call that defines the list of POIs that can be selected -->
	<wilderness_rules>
		<wilderness_rule name="wildernessDefault" spawn_min_max="25,30">
			<path_material value="gravel" />
			<path_radius value="2" />
			<prefab_rule name="wildernessPOIs" prob="1"/>
		</wilderness_rule>
	</wilderness_rules>

	<prefab_rules>
		<prefab_rule name="none"/>

		<prefab_rule name="wastelandHub">
			<prefab rule="cityBlocks" lot_type="CityBlock"/>
			<!-- <prefab rule="cityBuildingsCommon" /> -->
			<!-- <prefab rule="cityBuildingsUncommon" min_count="5" max_count="10" /> -->
			<!-- <prefab rule="cityBuildingsRare" min_count="5" max_count="10" /> -->
			<prefab rule="cityHousing" max_count="6"/>
			<prefab rule="gasStations" max_count="3"/>
			<prefab rule="hardwareStores" max_count="2" />
			<prefab rule="bookStores" max_count="2" />
			<prefab rule="parking" max_count="3"/>
			<prefab rule="groceryStores" max_count="3" />
			<prefab rule="cityMixed1" max_count="3"/>
			<prefab rule="rubbleBuildingsWaste" max_count="2"/>
			<prefab rule="cityMixed3" max_count="3"/>
			<prefab rule="cityMixed2" max_count="3"/>
			<prefab rule="cityMixed1" max_count="3"/>
			<prefab rule="rubbleBuildingsGrey" max_count="2"/>
			<prefab rule="cityMixed3" max_count="3"/>
			<prefab rule="cityMixed2" max_count="3"/>
			<prefab rule="cityMixed3" max_count="3"/>
			<prefab rule="cityMixed2" max_count="3"/>
			<prefab rule="cityMixed1" max_count="3"/>
			<prefab rule="governmentOffices" max_count="3"/>
			<!-- Buildings from towns to fill out cities -->
			<prefab rule="upperClassHousing" max_count="6"/>
			<prefab rule="cityHousing2" max_count="6"/>
			<prefab rule="rubbleBuildingsWhite" max_count="3"/>
			<prefab rule="gunStores" max_count="2" />
			<prefab rule="rubbleBuildingsRed" max_count="4"/>
			<prefab rule="apartments" max_count="4"/>
			<prefab rule="entertainment" max_count="2"/>
			<prefab rule="rubbleBuildingsTan" max_count="2"/>
			<prefab rule="cityMixed2" max_count="3"/>
			<prefab rule="cityMixed1" max_count="3"/>
			<prefab rule="apartments" max_count="4"/>
			<prefab rule="parking" max_count="3"/>
			<prefab rule="cityMixed3" max_count="3"/>


		</prefab_rule>

		<!-- Prefab rules are how the game knows what to place in the world, once the conditions above are met.
		These can be a "prefab rule=" which is basically defining a group, or they can directly refer to a prefab file e.g prefab name=
		It is helpful understand how things like max_count work at this level, have a look at apartments for example

		I want the basic ugly looking vanilla apartments to only appear once, so I put max_count="1" for each, for Laz Man's awesome prefab I allow it to be called twice
		<prefab_rule name="apartments">
			<prefab name="apartment_adobe_red_5_flr" max_count="1" /> Vanilla, big and resource intensive, don't want too many
			<prefab name="apartment_brick_6_flr" max_count="1" /> Vanilla, big and resource intensive, don't want too many
			<prefab name="brownstones_01" max_count="2" /> Laz Man's work can appear twice.
		</prefab_rule>

		Now this works by having the overall "Apartments" group called above with a max count of 4, 1 count each for vanilla, 2 for the brownstone. -->

		<prefab_rule name="townLarge">
			<prefab rule="gunStores" min_count="2" max_count="3" prob="0.9"/>
			<prefab rule="pharmacies" min_count="2" max_count="3" prob="0.9"/>
			<prefab rule="hardwareStores" min_count="2" max_count="3" prob="0.9"/>
			<prefab rule="bookStores" mmin_count="2" max_count="3" prob="0.9"/>
			<prefab rule="groceryStores" min_count="2" max_count="3" prob="0.9"/>
			<prefab rule="middleClassHousing" max_count="5" />
			<prefab rule="countryHousing" max_count="5" />
			<prefab rule="townBuildings" max_count="20" />
		</prefab_rule>

		<prefab_rule name="townLarge2">
			<prefab rule="gunStores" min_count="2" max_count="3" prob="0.9"/>
			<prefab rule="pharmacies" min_count="2" max_count="3" prob="0.9"/>
			<prefab rule="hardwareStores" min_count="2" max_count="3" prob="0.9"/>
			<prefab rule="bookStores" mmin_count="2" max_count="3" prob="0.9"/>
			<prefab rule="groceryStores" min_count="2" max_count="3" prob="0.9"/>
			<prefab rule="middleClassHousing" max_count="5" />
			<prefab rule="countryHousing" max_count="5" />
			<prefab rule="townMixed1" max_count="20" />
		</prefab_rule>

		<prefab_rule name="townSmall">
			<prefab rule="townBuildings" prob="0.8"/>
			<prefab rule="townBuildings2" prob="0.2"/>
		</prefab_rule>

		<prefab_rule name="wildernessPOIs">
			<path_material value="gravel" />
			<path_radius value="2" />
			<!-- <prefab rule="wildernessMixed1" prob="0.4"/> -->
			<prefab name="xcostum_Science_lab(by_kinklade)a12_v1" max_count="3" prob="0.03" />
			<prefab name="xcostum_stayouthouse(by_magoli)a12_v1" max_count="3" prob="0.03" />
			<prefab name="xcostum_Bunker3(by_LazMan)a12_v1" max_count="3" prob="0.03"/>
			<prefab name="xcostum_AsylumCity(by_Wsiegel)a12_v1" max_count="3" prob="0.03" />
			<prefab name="xcostum_CrashedAirplane(by_LazMan)a12_v1" max_count="3" prob="0.03" />
			<prefab name="xcostum_RocketLaunchPad(by_Saeid)a12_v1"  max_count="3" prob="0.03"/>
			<prefab name="xcostum_strandresort(by_magoli)a12_v1" max_count="3" prob="0.03"/>
			<prefab name="xcostum_strange_cornfield(by_magoli)a12_v1" max_count="3" prob="0.03" />
			<prefab name="xcostum_LumberMill(by_IceJudge)a12_v1" max_count="3" prob="0.03" />
			<prefab name="xcostum_MayaPyramide(by_Curbolt)a12_v1" max_count="3" prob="0.03"/>
			<prefab name="xcostum_H0bbit(by_Limodor)a12_v1" max_count="3" prob="0.03"/>
			<prefab name="indian_burial_grounds_01" prob="0.03"/>
			<prefab rule="militaryCamps" prob="0.03"/>
			<prefab rule="wildernessMisc" prob="0.14"/>
			<prefab rule="waterPOIs" prob="0.2"/>
			<prefab rule="campsites" prob="0.2"/>
			<prefab rule="cabins" prob="0.2"/>
			<prefab rule="barnsAndSheds" prob="0.2"/>
		</prefab_rule>

<!-- Moved rare first so that it reads the probabilities of these then moves on to boring stuff -->
	<!-- Set a minimum for these so that there are at least 2, even though this seems to be able to be ignored -->

		<prefab_rule name="cityBuildingsRare">
			<prefab rule="gunStores" max_count="2" />
			<prefab rule="pharmacies" max_count="3" />
			<prefab rule="hardwareStores" max_count="3" />
			<prefab rule="bookStores" max_count="2" />
			<prefab rule="groceryStores" max_count="3" />
		</prefab_rule>

		<!-- Added some town buildings in to the mix -->

		<prefab_rule name="cityBuildingsUncommon">
				<prefab rule="parking" max_count="3"/>
				<prefab rule="apartments" max_count="3"/>
				<prefab rule="governmentOffices" max_count="2"/>
				<prefab rule="entertainment" max_count="1"/>
				<prefab rule="gasStations" max_count="3"/>
				<prefab rule="businessBrick" max_count="2"/>
				<prefab rule="businessTan" max_count="2"/>
			</prefab_rule>

			<!-- Set a max for these rubble buildings, they suck and are just filler -->

		<prefab_rule name="cityBuildingsCommon">
			<prefab rule="rubbleBuildingsWhite" max_count="2"/>
			<prefab rule="rubbleBuildingsRed" max_count="2"/>
			<prefab rule="rubbleBuildingsTan" max_count="2"/>
			<prefab rule="rubbleBuildingsGrey" max_count="2"/>
			<prefab rule="rubbleBuildingsWaste" max_count="2"/>
			<prefab rule="middleClassHousing" max_count="15"/>
		</prefab_rule>

		<!-- By setting max counts here we can achieve a preferred mix based on town size. -->
		<!-- We then have a higher number allowance for buildings we want to act as filler once we've exhausted the supply of more unique stores etc -->

		<prefab_rule name="townBuildings">
			<prefab rule="gunStores" max_count="2"/>
			<prefab rule="pharmacies" max_count="2"/>
			<prefab rule="hardwareStores" max_count="2"/>
			<prefab rule="bookStores" max_count="2"/>
			<prefab rule="groceryStores" max_count="2"/>
			<prefab rule="governmentOffices" max_count="2"/>
			<prefab rule="gasStations" max_count="2"/>
			<prefab rule="oldWest" max_count="1"/>
			<prefab rule="countryHousing" max_count="6"/>
			<prefab rule="lowerClassHousing" max_count="6" />
			<prefab rule="middleClassHousing" max_count="5"/>
			<prefab rule="upperClassHousing" max_count="5"/>
			<prefab rule="businessBrick" max_count="5"/>
			<prefab rule="businessTan" max_count="5"/>
			<prefab rule="townMixed1"/>
			<prefab rule="garages" max_count="10"/>
			<prefab rule="signsAndLights"/>

			<prefab name="oldwest_watertower" max_count="1"/>
			<prefab name="bombshelter_lg_01"/>

			<prefab rule="burntHousing"/>
		</prefab_rule>

		<prefab_rule name="townBuildings2">
			<prefab name="store_book_sm_01" prob="0.6" />
			<prefab name="houseranchwhite1"/>
			<prefab name="houseranchtan1"/>
			<prefab name="houseranchtan2"/>
			<prefab name="houseranchblue1"/>
			<prefab rule="pharmacies" max_count="1"/>
			<prefab rule="bookStores" max_count="1"/>
			<prefab rule="groceryStores" max_count="1"/>
			<prefab rule="garages" max_count="6"/>
			<!-- mod content -->
			<prefab name="xcostum_med_clinic_small(by_magoli)a12_v1" max_count="1" prob="0.9" />
			<prefab name="xcostum_Restaurant(by_Gertle)a12_v1" max_count="1" prob="0.9"  />
			<prefab name="xcostum_kwikemart(by_magoli)a12_v1" max_count="1" prob="0.9"  />
			<prefab name="xcostum_Firedepartment(by_Guppycur)a12_v1" max_count="1" prob="0.9"  />
			<prefab name="xcostum_House(by_ShoNuff)a12_v1"  max_count="2" prob="0.9" />
			<prefab name="xcostum_Dealership(by_P1ut0nium)a12_v1" max_count="1" prob="0.9"  />
			<prefab name="xcostum_swimmingbath(by_magoli)a12_v1" max_count="1" prob="0.9"  />
			<prefab name="xcostum_simpsonshouse(by_magoli)a12_v1" max_count="1" prob="0.9"  />
			<prefab name="store_pharmacy_sm_01" max_count="1" prob="0.9" />
			<prefab rule="signsAndLights"/>
			<prefab rule="countryHousing" max_count="2"/>
			<prefab rule="lowerClassHousing" max_count="2" />
			<prefab rule="middleClassHousing" max_count="2"/>
			<prefab rule="upperClassHousing" max_count="2"/>
			<prefab rule="businessBrick" max_count="2"/>
			<prefab rule="businessTan" max_count="2"/>
		</prefab_rule>

		<!--

		Working POI list

		City
		<prefab name="xcostum_Citymix_01(grtown-strclub-burnth-h-gar)a12_v1" />         Working 8/7/15 Good city POI
		<prefab name="xcostum_Citymix_02(gunst_sm-kuldlargeh-bunk)a12_v1" />            Working 8/7/15 Good city POI, Contains Shotgun messiah!!
		<prefab name="xcostum_Citymix_03(wareh-pistol-moes-bunker2)a12_v1" />           Working 8/7/15 Good city POI  Not Got POI Gun building not good fit for world.
		<prefab name="xcostum_Citymix_04(firedep-bookstore_sm_01)a12_v1" />             Working 8/7/15 Good city POI, Contains Shotgun Book store!!
		<prefab name="xcostum_Citymix_05(niceh-businesstanh-garage)a12_v1" />           Working 8/7/15 Good city POI
		<prefab name="xcostum_Citymix_06(simpsonh-gravey-brickh-camp-gar)a12_v1" />             Working 8/7/15 Good city POI, Stairs always face one direction in simpson house.
		<prefab name="xcostum_Citymix_07(guildh-restaurant-firest-xxxclub)a12_v1" />            Working 8/7/15 Good city POI
		<prefab name="xcostum_Citymix_08(myh-crema-gupchurch-farmsh1)a12_v1" />         Working 8/7/15 Good city POI
		<prefab name="xcostum_Citymix_09(grocery_sm-barn01-medclinic_sm)a12_v1" />      Working 8/7/15 Good Town POI due to farm also has food store and clinic
		<prefab name="xcostum_Citymix_10(scilab-firewatcht-stayouth)a12_v1" />          Working 7/7/15 Not sure where this mix fits as a POI, fire tower
		<prefab name="xcostum_Citymix_11(mpwaste08-mpwaste04grey)a12_v1" />             Working 7/7/15 Good city POI Ruin Buildings

		City2
		<prefab name="xcostum_McDonalds(by_BigC90210)a12_v1" max_count="1" prob="0.3"/> Working 8/7/15 Could be rural, or city or town POI.
		<prefab name="xcostum_Alms_house(ex_vanilla_ornate03)a12_v1" max_count="1" prob="1"/> Working 8/7/15 - Suits city maybe rural. Bit overbearing for town.
		<prefab name="xcostum_StripClub(by_Wsiegel)a12_v1"  max_count="1" prob="1"/> Working 8/7/15 - Suits city, rural or a dodgey town.
		<prefab name="xcostum_bowlingcenter(by_magoli)a12_v1"  max_count="1" prob="0.2"/> Working 8/7/15 - Suits city or town.
		<prefab name="xcostum_House(by_LastI)a12_v1"  min_count="1" max_count="1" /> Working 8/7/15 - Suits city or town.
		<prefab name="xcostum_kwikemartcity(by_magoli)a12_v1" min_count="1" max_count="1" /> Working 8/7/15 - Suits city.
		<prefab name="xcostum_Skycpraper(by_Peppino)a12_v1" min_count="1" max_count="1" /> Working 8/7/15 - City, not lit.
		<prefab name="xcostum_shootingrange(by_magoli)a12_v1" min_count="1" max_count="1" /> Working 8/7/15 - Working - suits city or town or rural.
		<prefab name="xcostum_minigolf(by_magoli)a12_v1" /> Working 8/7/15 - Good for city, town or rural

		City3
		<prefab name="xcostum_3BlockStores(by_Leo_Liuos)a12_v1" /> 	Working 8/7/15 Unexplored interior, Good city POI
		<prefab name="xcostum_Orphanage(ex_vanilla_ornate02)a12_v1" max_count="1" prob="1"/> Working 8/7/15 - Suits town or city or possibly rural.
		<prefab name="xcostum_ArtGallery(by_Wsiegel)a12_v1"  max_count="1" prob="1"/> Working 8/7/15 - Suits city or town or rural.
		<prefab name="xcostum_Firehouse(by_Warsaken)a12_v1" max_count="1" prob="1"/> Working 8/7/15 - Suits city
		<prefab name="xcostum_stripclub(by_magoli)a12_v1"  max_count="1" prob="1"/> Working 8/7/15 - Suits city, rural or a dodgey town.
		<prefab name="xcostum_House(by_ShoNuff)a12_v1"  min_count="1" max_count="1" /> Working 8/7/15 - Suits city or town.
		<prefab name="xcostum_Manorhouse(by_WereWulfen)a12_v1" max_count="1" /> Working 8/7/15 - Suits city or town or rural.
		<prefab name="xcostum_swimmingbath(by_magoli)a12_v1" min_count="1" max_count="1" /> Working 8/7/15 - Suit town or rural or even city. Nice house.
		<prefab name="xcostum_myhouse(by_magoli)a12_v1" max_count="1"  /> Working 8/7/15 - Good for city town or rurcal - Stairs are not rotated correctly.

		Town
		<prefab name="xcostum_Church(by_Guppycur)a12_v1" />     	Working	8/7/15 Stairs rotated wrong, Good city,town,rural
		<prefab name="xcostum_crematory(by_magoli)a12_v1" /> 		Working	8/7/15 Stairs rotated wrong, Good city,town
		<prefab name="xcostum_kuldlargehouse(by_Kuldiin)a12_v1" max_count="1" prob="1"/> Working 8/7/15 Better suited to rural or town due to style.
		<prefab name="xcostum_med_clinic_small(by_magoli)a12_v1" max_count="1" prob="1"/> Working 8/7/15 town / rural - could be for small city. Set for town right now.
		<prefab name="xcostum_Restaurant(by_Gertle)a12_v1" max_count="1" prob="1"/> Working 8/7/15 Better suited for town or rural, on the smaller side.
		<prefab name="xcostum_kwikemart(by_magoli)a12_v1" max_count="1" prob="1"/> Working 8/7/15 - Suits city or town or rural.
		<prefab name="xcostum_Firedepartment(by_Guppycur)a12_v1" max_count="1" prob="1"/> Working 8/7/15 - Suits town
		<prefab name="xcostum_House(by_ShoNuff)a12_v1"  min_count="1" max_count="1" /> Working 8/7/15 - Suits city or town.
		<prefab name="xcostum_FuneralHome(by_Wsiegel)a12_v1" min_count="1" max_count="1" /> Working 8/7/15 - Good for city, town, rural.
		<prefab name="xcostum_Dealership(by_P1ut0nium)a12_v1" min_count="1" max_count="1" /> Working 8/7/15 - Good for rural or city or town.
		<prefab name="xcostum_Bunker2(by_LazMan)a12_v1" min_count="1" max_count="1" /> Working 8/7/15 - Working, suitable for rural or town.
		<prefab name="xcostum_swimmingbath(by_magoli)a12_v1" min_count="1" max_count="1" /> Working 8/7/15 - Suit town or rural or even city. Nice house.
		<prefab name="xcostum_simpsonshouse(by_magoli)a12_v1" min_count="1" max_count="1" /> Working 8/7/15 - Working - suits city or town.

		Rural
		<prefab name="xcostum_timbershop(by_magoli)a12_v1" />		Working 8/7/15	Good Rural POI
		<prefab name="xcostum_moestaverne(by_magoli)a12_v1" max_count="1" prob="1"/> Working 8/7/15 Better as rural / town - on the smaller side.
		<prefab name="xcostum_AsylumCity(by_Wsiegel)a12_v1" max_count="1" prob="1"/> Working 8/7/15 town / rural / wilderness -could be for small city, not set for wasteland hub right now.
		<prefab name="xcostum_kuldbrickhouse(by_Kuldiin)a12_v1" max_count="1"/> Working 8/7/15 Better suited to town or rural, smallish house.
		<prefab name="xcostum_tv_store(by_magoli)a12_v1" max_count="1" prob="1"/> Working 8/7/15 Better suited to small city, rural. Has working stiffs signs but is TV store?
		<prefab name="xcostum_pistol_gunshop(by_magoli)a12_v1" max_count="1" prob="1"/> Working 8/7/15 Going to assume it is meant to be sunk into ground like a bunker (gun nuts would love it) Better suited to rural, has a small footprint (above ground) for city.
		<prefab name="xcostum_School(by_LazMan)a12_v1" max_count="1" prob="1"/> Working 8/7/15 - Suits town or rural or city.
		<prefab name="xcostum_circus(by_magoli)a12_v1"  max_count="1" prob="1"/> Working 8/7/15 - Suits rural better, outskirts of town.
		<prefab name="xcostum_Firestation(by_Slick50)a12_v1" max_count="1" prob="1"/> Working 8/7/15 - Suits town or rural.
		<prefab name="xcostum_Plant(by_Wsiegel)a12_v1" min_count="1" max_count="1" /> Working 8/7/15 - Suits rural or maybe wilderness.
		<prefab name="xcostum_GasStation(by_Warsaken)a12_v1" min_count="1" max_count="1" /> Working 8/7/15 - Suits town or rural, Really good for rural.
		<prefab name="xcostum_WulftownA(by_WereWulfen)a12_v1" min_count="1" max_count="1" /> Working 8/7/15 - Better suited for rural.
		<prefab name="xcostum_Dealership(by_P1ut0nium)a12_v1" min_count="1" max_count="1" /> Working 8/7/15 - Good for rural or city or town.
		<prefab name="xcostum_Farm(by_BigC90210)a12_v1"  min_count="1" max_count="1" /> Working 8/7/15 - Working, suitable for rural or town.
		<prefab name="xcostum_Bunker1(by_LazMan)a12_v1" min_count="1" max_count="1" /> Working 8/7/15 - Working, suitable for rural or town.
		<prefab name="xcostum_Warehouse(by_Batman)a12_v1" min_count="1" max_count="1" /> Working 8/7/15 - Stairs inside are rotated the wrong way. Suit town or Rural.
		<prefab name="xcostum_Hospital(by_Wsiegel)a12_v1" /> Working 8/7/15 - rural suited because it is big.

		Wilderness
		<prefab name="xcostum_Science_lab(by_kinklade)a12_v1" max_count="1" prob="1"/> Working 8/7/15 Could really be in city, rural, or wilderness. Doesn't suit town. Needs .xml changes to make it city.
		<prefab name="xcostum_stayouthouse(by_magoli)a12_v1" max_count="1"/> Working 8/7/15 Wilderness POI for sure, maybe town, too crazy for city and quite small. Set for town right now.
		<prefab name="xcostum_Bunker3(by_LazMan)a12_v1" min_count="1" max_count="1" /> Working 8/7/15 - Working, suitable for rural or town.
		<prefab name="xcostum_CrashedAirplane(by_LazMan)a12_v1" min_count="1" max_count="1" /> Working 8/7/15 Wilderness only.
	  <prefab name="xcostum_RocketLaunchPad(by_Saeid)a12_v1" min_count="1" max_count="1" />  Wilderness only POI rare find
	  <prefab name="xcostum_strandresort(by_magoli)a12_v1" min_count="1" max_count="1" />  Wilderness, but could be rural poi
	  <prefab name="xcostum_strange_cornfield(by_magoli)a12_v1" min_count="1" max_count="1" />  Wilderness, plains only poi
	  <prefab name="xcostum_LumberMill(by_IceJudge)a12_v1" />  Good wilderness POI forest and pine forest only
	  <prefab name="xcostum_MayaPyramide(by_Curbolt)a12_v1" max_count="1"  />  Cool unique poi
	  <prefab name="xcostum_H0bbit(by_Limodor)a12_v1" max_count="1"  />  Cool wilderness poi


		-->

		<!-- Custom Prefabs start here -->
		<prefab_rule name="cityMixed1">
			<prefab name="xcostum_McDonalds(by_BigC90210)a12_v1" max_count="2" prob="0.3"/>
			<prefab name="xcostum_Alms_house(ex_vanilla_ornate03)a12_v1" max_count="1" prob="0.3"/>
			<prefab name="xcostum_StripClub(by_Wsiegel)a12_v1"  max_count="1" prob="0.3"/>
			<prefab name="xcostum_bowlingcenter(by_magoli)a12_v1"  max_count="1" prob="0.2"/>
			<prefab name="xcostum_House(by_LastI)a12_v1"  max_count="2" prob="0.3" />
			<prefab name="xcostum_kwikemartcity(by_magoli)a12_v1" max_count="2" prob="0.3" />
			<prefab name="xcostum_Skycpraper(by_Peppino)a12_v1" mmax_count="2" prob="0.3"/>
			<prefab name="xcostum_shootingrange(by_magoli)a12_v1" max_count="1" prob="0.3"/>
			<prefab name="xcostum_minigolf(by_magoli)a12_v1" max_count="1" prob="0.3"/>
		</prefab_rule>

		<prefab_rule name="cityMixed2">
			<prefab name="xcostum_3BlockStores(by_Leo_Liuos)a12_v1" max_count="2" prob="0.3"/>
			<prefab name="xcostum_Orphanage(ex_vanilla_ornate02)a12_v1" max_count="1" prob="0.3"/>
			<prefab name="xcostum_ArtGallery(by_Wsiegel)a12_v1"  max_count="1" prob="0.3"/>
			<prefab name="xcostum_Firehouse(by_Warsaken)a12_v1" max_count="1" prob="0.3"/>
			<prefab name="xcostum_stripclub(by_magoli)a12_v1"  max_count="1" prob="0.3"/>
			<prefab name="xcostum_House(by_ShoNuff)a12_v1"  max_count="2" prob="0.3"/>
			<prefab name="xcostum_Manorhouse(by_WereWulfen)a12_v1" max_count="2" prob="0.3"/>
			<prefab name="xcostum_swimmingbath(by_magoli)a12_v1" max_count="1" prob="0.3"/>
			<prefab name="xcostum_myhouse(by_magoli)a12_v1" max_count="1"  prob="0.3"/>
		</prefab_rule>

		<prefab_rule name="cityMixed3">
			<prefab name="xcostum_Citymix_01(grtown-strclub-burnth-h-gar)a12_v1" max_count="1" prob="0.3"/>
			<prefab name="xcostum_Citymix_02(gunst_sm-kuldlargeh-bunk)a12_v1" max_count="1" prob="0.3"/>
			<prefab name="xcostum_Citymix_04(firedep-bookstore_sm_01)a12_v1" max_count="1" prob="0.3"/>
			<prefab name="xcostum_Citymix_05(niceh-businesstanh-garage)a12_v1" max_count="1" prob="0.3"/>
			<prefab name="xcostum_Citymix_06(simpsonh-gravey-brickh-camp-gar)a12_v1" max_count="1" prob="0.3"/>
			<prefab name="xcostum_Citymix_07(guildh-restaurant-firest-xxxclub)a12_v1" max_count="1" prob="0.3"/>
			<prefab name="xcostum_Citymix_08(myh-crema-gupchurch-farmsh1)a12_v1" max_count="1" prob="0.3"/>
			<prefab name="xcostum_Citymix_09(grocery_sm-barn01-medclinic_sm)a12_v1" max_count="1" prob="0.3"/>
			<prefab name="xcostum_Citymix_11(mpwaste08-mpwaste04grey)a12_v1" max_count="1" prob="0.3"/>
		</prefab_rule>

		<prefab_rule name="ruralMixed1">
			<prefab name="xcostum_timbershop(by_magoli)a12_v1" max_count="1" prob="0.2" />
			<prefab name="xcostum_moestaverne(by_magoli)a12_v1" max_count="1" prob="0.2"/>
			<prefab name="xcostum_AsylumCity(by_Wsiegel)a12_v1" max_count="1" prob="0.2"/>
			<prefab name="xcostum_kuldbrickhouse(by_Kuldiin)a12_v1" max_count="1" prob="0.2" />
			<prefab name="xcostum_tv_store(by_magoli)a12_v1" max_count="1" prob="0.2" />
			<prefab name="xcostum_pistol_gunshop(by_magoli)a12_v1" max_count="1" prob="0.2"/>
			<prefab name="xcostum_School(by_LazMan)a12_v1" max_count="1" prob="0.2"/>
			<prefab name="xcostum_circus(by_magoli)a12_v1"  max_count="1" prob="0.2"/>
			<prefab name="xcostum_Firestation(by_Slick50)a12_v1" max_count="1" prob="0.2"/>
			<prefab name="xcostum_Plant(by_Wsiegel)a12_v1" max_count="1" prob="0.2" />
			<prefab name="xcostum_GasStation(by_Warsaken)a12_v1" max_count="1" prob="0.2" />
			<prefab name="xcostum_WulftownA(by_WereWulfen)a12_v1" max_count="1" prob="0.2" />
			<prefab name="xcostum_Dealership(by_P1ut0nium)a12_v1" max_count="1" prob="0.2" />
			<prefab name="xcostum_Farm(by_BigC90210)a12_v1"  max_count="1" prob="0.2" />
			<prefab name="xcostum_Bunker1(by_LazMan)a12_v1" max_count="1" prob="0.2" />
			<prefab name="xcostum_Warehouse(by_Batman)a12_v1" max_count="2" prob="0.2" />
			<prefab name="xcostum_Hospital(by_Wsiegel)a12_v1" max_count="1" prob="0.2" />
		</prefab_rule>

		<prefab_rule name="townMixed1">
			<prefab name="xcostum_Church(by_Guppycur)a12_v1" max_count="1" prob="0.2" />
			<prefab name="xcostum_crematory(by_magoli)a12_v1" max_count="1" prob="0.2"  />
			<prefab name="xcostum_kuldlargehouse(by_Kuldiin)a12_v1" max_count="2" prob="0.2" />
			<prefab name="xcostum_med_clinic_small(by_magoli)a12_v1" max_count="1" prob="0.2" />
			<prefab name="xcostum_Restaurant(by_Gertle)a12_v1" max_count="1" prob="0.2"  />
			<prefab name="xcostum_kwikemart(by_magoli)a12_v1" max_count="1" prob="0.2"  />
			<prefab name="xcostum_Firedepartment(by_Guppycur)a12_v1" max_count="1" prob="0.2"  />
			<prefab name="xcostum_House(by_ShoNuff)a12_v1"  max_count="2" prob="0.2" />
			<prefab name="xcostum_FuneralHome(by_Wsiegel)a12_v1" max_count="1" prob="0.2"  />
			<prefab name="xcostum_Dealership(by_P1ut0nium)a12_v1" max_count="1" prob="0.2"  />
			<prefab name="xcostum_Bunker2(by_LazMan)a12_v1" max_count="1" prob="0.2"  />
			<prefab name="xcostum_swimmingbath(by_magoli)a12_v1" max_count="1" prob="0.2"  />
			<prefab name="xcostum_simpsonshouse(by_magoli)a12_v1" max_count="1" prob="0.2"  />
		</prefab_rule>

		<prefab_rule name="wildernessMixed1">
			<prefab name="xcostum_Science_lab(by_kinklade)a12_v1" max_count="1" />
			<prefab name="xcostum_stayouthouse(by_magoli)a12_v1" max_count="1"/>
			<prefab name="xcostum_Bunker3(by_LazMan)a12_v1" max_count="2" />
			<prefab name="xcostum_AsylumCity(by_Wsiegel)a12_v1" max_count="1" />
			<prefab name="xcostum_CrashedAirplane(by_LazMan)a12_v1" max_count="1" />
			<prefab name="xcostum_RocketLaunchPad(by_Saeid)a12_v1" max_count="1" />
			<prefab name="xcostum_strandresort(by_magoli)a12_v1" max_count="1" />
			<prefab name="xcostum_strange_cornfield(by_magoli)a12_v1" max_count="1" />
			<prefab name="xcostum_LumberMill(by_IceJudge)a12_v1" max_count="1" prob="0.3"/>
			<prefab name="xcostum_MayaPyramide(by_Curbolt)a12_v1" max_count="1"/>
			<prefab name="xcostum_H0bbit(by_Limodor)a12_v1" max_count="1"/>
		</prefab_rule>

		<!-- Custom Prefabs End here and start mostly vanilla -->

		<prefab_rule name="countryHousing">
			<prefab name="church_graveyard1"/>
			<prefab name="houseranchwhite1"/>
			<prefab name="houseranchtan1"/>
			<prefab name="houseranchtan2"/>
			<prefab name="houseranchblue1"/>
		</prefab_rule>

		<prefab_rule name="burntHousing">
			<prefab name="houseburnt1"/>
			<prefab name="houseburnt2"/>
			<prefab name="houseburnt3"/>
			<prefab name="houseburnt3b"/>
			<prefab name="houseburnt4"/>
			<prefab name="houseburnt5"/>
		</prefab_rule>

		<prefab_rule name="lowerClassHousing">
			<prefab name="housewhite1basement"/>
			<prefab name="housewhitepyramid3"/>
			<prefab name="houseyellowpyramid3"/>
			<prefab name="housetanpyramid2"/>
			<prefab name="housewhitepyramid1"/>
			<prefab name="housewhitepyramid2"/>
		</prefab_rule>

		<prefab_rule name="middleClassHousing">
			<prefab name="houseyellow1"/>
			<prefab name="housegreen1"/>
			<prefab name="houseblue1"/>
			<prefab name="housestucco1"/>
			<prefab name="housestucco2"/>
			<prefab name="housebrick1"/>
			<prefab name="housewhite1"/>
			<prefab name="housewhite2"/>
			<prefab name="housetan2"/>
		</prefab_rule>

		<prefab_rule name="cityHousing">
			<prefab name="houseyellow1"/>
			<prefab name="housegreen1"/>
			<prefab name="houseblue1"/>
			<prefab name="housestucco1"/>
			<prefab name="housestucco2"/>
		</prefab_rule>

		<prefab_rule name="cityHousing2">
			<prefab name="housebrick1"/>
			<prefab name="housewhite1"/>
			<prefab name="housewhite2"/>
			<prefab name="housetan2"/>
		</prefab_rule>

		<prefab_rule name="upperClassHousing">
			<prefab name="house_new_mansion_01"/>
			<prefab name="house_new_mansion_02"/>
			<prefab name="house_new_mansion_03"/>
		</prefab_rule>

		<prefab_rule name="businessBrick">
			<prefab name="business_red_brick_01"/>
			<prefab name="business_red_brick_02"/>
			<prefab name="business_red_brick_03"/>
			<prefab name="business_red_brick_04"/>
			<prefab name="business_red_brick_05"/>
			<prefab name="business_red_brick_06"/>
			<prefab name="business_red_brick_07"/>
		</prefab_rule>

		<prefab_rule name="businessTan">
			<prefab name="business_tan_brick_01"/>
			<prefab name="business_tan_brick_02"/>
			<prefab name="business_tan_brick_03"/>
			<prefab name="business_tan_brick_04"/>
			<prefab name="business_tan_brick_05"/>
		</prefab_rule>

		<prefab_rule name="garages">
			<prefab name="garagebrick"/>
			<prefab name="garageblue1"/>
			<prefab name="garageyellow1"/>
			<prefab name="garagewhite1"/>
			<prefab name="garagetan1"/>
			<prefab name="garagestucco1"/>
			<prefab name="garagegreen1"/>
			<prefab name="garageburnt1"/>
			<prefab name="farm_shed1"/>
			<prefab name="farm_shed2"/>
			<prefab name="farm_shed3"/>
			<prefab name="farm_shed4"/>
		</prefab_rule>

		<prefab_rule name="signsAndLights">
			<prefab name="sign_slow"/>
			<prefab name="sign_speed_25"/>
			<prefab name="street_light_02"/>
		</prefab_rule>

		<prefab_rule name="entertainment">
			<prefab name="theater_01"  max_count="1"/>
		</prefab_rule>

		<prefab_rule name="apartments">
			<prefab name="apartment_adobe_red_5_flr" max_count="1" />
			<prefab name="apartment_brick_6_flr" max_count="1" />
			<!-- Laz Man's mod here, grouped because the buildings look good together -->
			<prefab name="brownstones_01" max_count="2" />
		</prefab_rule>

		<prefab_rule name="governmentOffices">
			<prefab name="mp_waste_bldg_governer_08" max_count="1"/>
			<prefab name="police_station1" max_count="1"/>
		</prefab_rule>

		<prefab_rule name="parking">
			<prefab name="parking_lot_01" max_count="1" />
			<prefab name="parking_lot_02" max_count="1" />
			<prefab name="parking_garage_01" max_count="2" />
		</prefab_rule>

		<prefab_rule name="gunStores">
			<prefab name="store_gun_sm_01" prob="0.6"/>
			<prefab name="store_gun_lg_01" prob="0.4"/>
		</prefab_rule>

		<prefab_rule name="pharmacies">
			<prefab name="store_pharmacy_sm_01" prob="1" />
		</prefab_rule>

		<prefab_rule name="hardwareStores">
			<prefab name="store_hardware_sm_01" prob="0.6"/>
			<prefab name="store_hardware_lg_01" prob="0.4"/>
		</prefab_rule>

		<prefab_rule name="bookStores">
			<prefab name="store_book_sm_01" prob="0.6" />
			<prefab name="store_book_lg_01" prob="0.4" />
		</prefab_rule>

		<prefab_rule name="groceryStores">
			<prefab name="store_grocery_lg_01" prob="0.4"/>
			<prefab name="store_grocery_sm_01" prob="0.6"/>
		</prefab_rule>

		<!-- City blocks are what the random gen engine draws first at 0,0 before it puts the mix of POIs on time.
		The rule set runs through each type, and puts a mix of blocks with different street types, e.g a t intersection or even quartered streets. -->

<!-- Quartered is just 4 equal quarters -->
<!-- Half is just half half -->
<!-- T is just 1 half and 2 quarters -->
<!-- Full is just one big block -->
		<prefab_rule name="cityBlocks">
			<prefab name="rg_waste_hub_blk_quartered"/>
			<prefab name="rg_waste_hub_blk_half"/>
			<prefab name="rg_waste_hub_blk_t"/>
			<prefab name="rg_waste_hub_blk_full"/>
		</prefab_rule>

		<prefab_rule name="rubbleBuildingsWhite">
			<prefab name="mp_waste_bldg_01_white" />
			<prefab name="mp_waste_bldg_03_white" />
			<prefab name="mp_waste_bldg_04_white" />
		</prefab_rule>

		<prefab_rule name="rubbleBuildingsRed">
			<prefab name="mp_waste_bldg_01_red" />
			<prefab name="mp_waste_bldg_02_red" />
			<prefab name="mp_waste_bldg_03_red" />
			<prefab name="mp_waste_bldg_04_red" />
		</prefab_rule>

		<prefab_rule name="rubbleBuildingsTan">
			<prefab name="mp_waste_bldg_01_tan" />
			<prefab name="mp_waste_bldg_02_tan" />
			<prefab name="mp_waste_bldg_03_tan" />
			<prefab name="mp_waste_bldg_04_tan" />
		</prefab_rule>

		<prefab_rule name="rubbleBuildingsGrey">
			<prefab name="mp_waste_bldg_05_grey" />
			<prefab name="mp_waste_bldg_05_grey" />
			<prefab name="mp_waste_bldg_06_grey" />
		</prefab_rule>

		<prefab_rule name="rubbleBuildingsWaste">
			<prefab name="waste_rubble_bldg_04" />
			<prefab name="waste_rubble_bldg_05" />
			<prefab name="waste_rubble_bldg_06" />
			<prefab name="waste_rubble_bldg_07" />
			<prefab name="waste_rubble_bldg_08" />
		</prefab_rule>

		<prefab_rule name="oldWest">
			<prefab name="oldwest_church"/>
			<prefab name="oldwest_hotel_01"/>
			<prefab name="oldwest_hotel_02"/>
			<prefab name="oldwest_jail"/>
			<prefab name="oldwest_md_shop_01"/>
			<prefab name="oldwest_md_shop_02"/>
			<prefab name="oldwest_md_shop_03"/>
			<prefab name="oldwest_md_shop_04"/>
			<prefab name="oldwest_sm_shop_01"/>
			<prefab name="oldwest_sm_shop_02"/>
			<prefab name="oldwest_sm_shop_03"/>
			<prefab name="oldwest_watertower"/>
		</prefab_rule>

		<prefab_rule name="gasStations">
			<prefab name="gas_station1"/>
			<prefab name="gas_station2"/>
			<prefab name="gas_station3"/>
			<prefab name="gas_station4"/>
			<prefab name="gas_station5"/>
		</prefab_rule>

		<prefab_rule name="factories">
			<prefab name="factory_lg_01" />
			<prefab name="factory_lg_02" />
		</prefab_rule>

		<prefab_rule name="rural">
			<prefab name="junkyard_lg_01" />
			<prefab name="junkyard_med_01" />
			<prefab name="snowy_ski_lodge" />
			<prefab name="sawmill_01_snow" />
		</prefab_rule>

		<prefab_rule name="barnsAndSheds">
			<prefab name="barn_01" />
			<prefab name="barn_02" />
			<prefab name="barn_03" />

			<prefab name="farm_shed1" />
			<prefab name="farm_shed2" />
			<prefab name="farm_shed3" />
			<prefab name="farm_shed4" />

			<prefab name="bombshelter_lg_01" />

			<prefab name="oldwest_stables" />
		</prefab_rule>

		<prefab_rule name="campsites">
			<prefab name="campsite_01" />
			<prefab name="campsite_02" />
			<prefab name="campsite_03" />
			<prefab name="campsite_04" />
			<prefab name="campsite_06" />
			<prefab name="campsite_06a" />
			<prefab name="campsite_07" />
			<prefab name="campsite_07a" />
		</prefab_rule>

		<prefab_rule name="cabins">
			<prefab name="cabin_01" />
			<prefab name="cabin_02_sm" />
			<prefab name="cabin_03_lg" />
			<prefab name="cabin_04_md" />
			<prefab name="cabin_05_lg" />
			<prefab name="cabin_06_lg" />
			<prefab name="cabin_snow_hidden_01"/>
		</prefab_rule>

		<prefab_rule name="waterPOIs">
			<prefab name="pond01"/>
			<prefab name="oldwest_watertower" />
		</prefab_rule>

		<prefab_rule name="militaryCamps">
			<prefab name="army_camp_01_snow" />
			<prefab name="army_camp_01_grass" />
			<prefab name="army_camp_01_burnt" />
		</prefab_rule>

		<prefab_rule name="wildernessMisc">
			<prefab name="houseburnt5"/>
			<prefab name="oldwest_graveyard"/>
			<prefab name="ranger_station1" />
		</prefab_rule>
	</prefab_rules>

	<!-- Note on Biome elevation settings - At this stage we cannot control the elevation of the world, the game reads the world seed - game name in serverconfig.xml - and the algorithm extracts world elevations
	 		based on that.
	These settings below determine at what random elevations we introduce the specific block types of each biome type, from level 0 to 20 is desert, once it reaches 20 it'll start to blend in plains.
	You can also then assume that many deserts can be found near plains. -->

	<biome_spawn_rules>
		<biome_spawn_rule name="desert">
			<elevation_range value="0, 20" />
		</biome_spawn_rule>

		<biome_spawn_rule name="plains">
			<elevation_range value="20, 50" />
		</biome_spawn_rule>

		<biome_spawn_rule name="forest">
			<elevation_range value="50, 80" />
		</biome_spawn_rule>

		<biome_spawn_rule name="pine_forest">
			<elevation_range value="80, 110" />
		</biome_spawn_rule>

		<biome_spawn_rule name="snow">
			<elevation_range value="110, 255" />
		</biome_spawn_rule>

		<!-- NOT CURRENTLY USED
		<biome_spawn_rule name="burnt_forest"/>
		<biome_spawn_rule name="wasteland_hub"/>
		<biome_spawn_rule name="wasteland" />
		<biome_spawn_rule name="radiated"/>
		<biome_spawn_rule name="water"/>
		-->
	</biome_spawn_rules>

	<!-- This appears to be a way of creating a pre-determined layout that can be called at the Cell Rule level.
	So by calling this, the cell will draw the exact prefabs in the grid of your choosing. To fully exploit this I imagine we want to have a tool that reads Prefabs, understands their size, and maps them
	into a grid with snap-in roads, which then can be exported in the format below. However, right now there exists an interesting possibility of creating small logical groupings of POIs. -->

	<hub_layouts>
		<hub_layout name="customHubTest">
			<township_type value="town"/>
			<street start_point="-64,0" end_point="64,0"/>
			<lot min_x_y="0, 8" size="60,60" rotation_to_road="2"/>
			<lot min_x_y="-32, 12" prefab="oldwest_jail" rotation_to_road="2"/>
		</hub_layout>
	</hub_layouts>
</rwgmixer>
